last_name, first_name,year,player_age,b_ab,b_total_pa,isolated_power,xiso,exit_velocity_avg,launch_angle_avg,barrel_batted_rate,hard_hit_percent,z_swing_percent,oz_swing_percent,meatball_swing_percent,pull_percent,opposite_percent,
Pujols, Albert,2019,39,491,545,.185,.175,88.3,12.4,6.0,36.3,59.7,30.8,67.4,45.7,18.6,
Cabrera, Miguel,2019,36,493,549,.116,.167,90.3,12.2,6.4,44.6,67.8,34.0,75.3,30.0,32.8,
Choo, Shin-Soo,2019,37,563,660,.190,.206,91.3,8.7,8.8,49.0,63.9,20.1,74.9,36.1,24.3,
Encarnacion, Edwin,2019,36,418,486,.287,.270,90.0,22.5,12.6,42.0,65.7,25.2,75.5,48.1,21.4,
Jones, Adam,2019,34,485,528,.155,.170,86.0,13.5,6.7,30.2,71.3,39.2,73.6,39.3,22.5,
Desmond, Ian,2019,34,443,482,.223,.201,90.6,8.4,10.4,42.2,67.5,26.1,78.0,29.7,33.6,
Cruz, Nelson,2019,39,454,521,.328,.346,93.7,13.1,19.9,51.5,69.8,27.2,82.6,38.7,25.2,
Longoria, Evan,2019,34,453,508,.183,.221,89.7,14.0,7.5,40.8,64.6,30.2,77.2,37.3,22.3,
Fowler, Dexter,2019,33,487,574,.170,.167,85.2,13.0,7.4,28.4,66.5,23.0,78.6,36.9,23.7,
Cabrera, Asdrubal,2019,34,447,514,.181,.170,88.8,14.1,5.7,35.3,65.9,25.1,70.6,46.2,21.7,
Blackmon, Charlie,2019,33,580,634,.262,.224,88.5,14.5,8.3,40.1,70.4,30.1,75.8,39.3,25.4,
Frazier, Todd,2019,33,447,499,.192,.171,88.2,17.3,7.3,38.4,61.9,25.9,72.8,47.8,16.7,
Cain, Lorenzo,2019,33,562,623,.112,.120,89.4,6.6,4.1,42.1,65.4,25.1,71.1,27.4,32.4,
Turner, Justin,2019,35,479,549,.219,.228,90.2,17.6,7.8,43.0,66.3,24.6,80.9,34.6,26.0,
Votto, Joey,2019,36,525,608,.150,.184,88.8,15.0,6.9,37.7,65.6,18.4,79.5,35.3,25.2,
Gardner, Brett,2019,36,491,550,.253,.128,87.2,13.6,4.1,31.4,54.9,22.4,64.7,44.3,19.4,
Braun, Ryan,2019,36,459,508,.220,.203,91.2,7.1,9.8,45.0,71.9,34.6,85.4,36.4,23.8,
Gordon, Alex,2019,35,556,633,.129,.166,88.2,9.0,5.4,37.8,70.4,26.6,81.2,36.9,25.3,
Andrus, Elvis,2019,31,600,648,.118,.125,88.2,7.1,3.5,34.4,60.9,32.6,64.4,30.0,26.5,
Ramos, Wilson,2019,32,473,524,.129,.135,90.0,0.0,4.7,42.2,74.4,34.1,81.3,32.4,23.8,
Santana, Carlos,2019,33,573,686,.234,.213,91.8,11.8,9.6,44.9,63.4,17.8,76.4,42.0,18.8,
Belt, Brandon,2019,31,526,616,.169,.211,86.4,21.9,8.7,35.8,74.5,22.4,88.1,40.4,25.3,
Smoak, Justin,2019,33,414,500,.198,.244,90.3,16.8,11.0,39.5,63.1,19.7,75.2,45.0,17.8,
Brantley, Michael,2019,32,575,637,.191,.184,88.7,10.6,5.8,37.4,60.8,25.9,69.2,39.0,26.1,
Gurriel, Yuli,2019,35,564,612,.243,.135,89.3,14.5,3.8,37.5,66.6,34.3,74.4,41.2,22.2,
Rojas, Miguel,2019,30,483,526,.095,.095,87.1,8.8,2.6,28.3,63.9,29.8,66.5,28.8,29.7,
Escobar, Eduardo,2019,30,636,699,.242,.209,87.8,18.3,7.0,31.5,71.2,37.8,75.1,41.1,20.3,
Davis, Khris,2019,32,481,533,.166,.206,90.1,13.2,10.1,40.2,79.6,27.4,93.8,37.1,24.3,
Pham, Tommy,2019,31,567,654,.176,.181,90.8,5.1,7.9,44.8,61.5,16.5,71.0,31.7,25.4,
Martinez, J.D.,2019,32,575,657,.252,.268,91.3,12.5,12.0,46.7,72.5,29.7,89.4,38.2,26.5,
Reddick, Josh,2019,32,501,550,.134,.118,86.0,15.6,3.4,29.2,74.1,29.5,78.9,36.2,25.4,
Murphy, Daniel,2019,34,438,478,.174,.117,86.3,14.8,2.4,28.1,68.5,30.0,72.6,36.1,27.2,
Goldschmidt, Paul,2019,32,597,682,.216,.250,90.1,15.3,11.3,42.4,66.7,28.3,69.8,37.8,24.7,
Altuve, Jose,2019,29,500,548,.252,.208,86.1,8.8,8.1,34.5,66.6,30.2,70.7,41.7,18.2,
Hernandez, Cesar,2019,29,612,667,.129,.102,85.7,9.3,2.7,28.3,63.8,27.3,70.9,34.5,29.7,
Segura, Jean,2019,29,576,618,.141,.125,88.0,7.0,3.2,32.7,60.1,35.4,63.8,29.2,26.2,
Castro, Starlin,2019,29,636,676,.165,.162,88.6,10.9,6.2,37.7,67.5,31.3,79.9,37.6,21.7,
Marte, Starling,2019,31,539,586,.208,.204,87.4,7.4,8.2,38.5,75.7,33.5,84.1,35.9,23.7,
Donaldson, Josh,2019,34,549,659,.262,.265,92.9,13.3,15.7,50.0,68.8,23.1,82.3,39.9,25.0,
Freeman, Freddie,2019,30,597,692,.255,.277,89.7,14.5,12.5,42.3,80.4,29.2,86.7,37.3,27.3,
Grandal, Yasmani,2019,31,513,632,.222,.231,90.3,13.9,11.3,41.8,58.2,21.6,72.8,35.1,23.0,
Heyward, Jason,2019,30,513,589,.177,.144,88.6,11.1,5.9,36.5,66.3,27.5,73.4,39.4,21.9,
LeMahieu, DJ,2019,31,602,655,.191,.203,91.7,6.7,7.5,47.2,64.3,27.3,69.4,25.0,33.7,
Moustakas, Mike,2019,31,523,584,.262,.240,89.3,17.1,10.3,40.7,71.8,31.4,81.0,37.9,28.3,
Rizzo, Anthony,2019,30,512,613,.227,.195,88.8,12.4,7.0,37.0,63.8,31.8,71.3,40.1,23.3,
Galvis, Freddy,2019,30,557,589,.178,.147,88.2,14.2,5.5,36.1,71.6,37.8,77.5,38.1,27.0,
Garcia, Avisail,2019,28,489,530,.182,.217,89.5,9.8,11.7,40.3,81.3,36.0,85.2,40.6,22.9,
Ozuna, Marcell,2019,29,485,549,.231,.257,91.8,13.5,12.6,49.2,68.0,27.6,78.6,45.2,19.1,
Villar, Jonathan,2019,28,642,714,.179,.160,87.7,7.0,6.8,37.1,73.4,27.7,81.3,35.0,26.9,
Santana, Danny,2019,29,474,511,.251,.219,91.4,13.5,9.5,43.6,73.9,38.3,73.5,39.3,25.0,
Crawford, Brandon,2019,32,500,560,.122,.155,87.5,8.4,5.4,35.1,76.6,28.4,86.7,36.7,23.3,
Cron, C.J.,2019,29,458,499,.216,.270,91.0,12.7,15.0,44.6,69.1,32.4,78.8,38.2,24.1,
Grossman, Robbie,2019,30,420,482,.107,.115,87.7,12.1,2.4,30.7,60.0,16.2,76.5,29.2,29.8,
Hosmer, Eric,2019,30,619,667,.160,.156,90.5,2.1,7.2,46.0,71.9,32.7,76.4,29.3,27.8,
Kipnis, Jason,2019,32,458,511,.166,.155,86.7,13.1,5.5,34.4,65.2,26.5,73.9,39.6,24.4,
McCann, James,2019,29,439,476,.187,.187,89.9,10.7,9.2,43.5,68.0,32.6,81.5,34.3,30.4,
Rendon, Anthony,2019,29,545,646,.279,.279,90.4,19.5,12.0,46.6,68.3,20.4,79.0,37.6,24.4,
Semien, Marcus,2019,29,657,747,.237,.217,88.8,14.7,8.5,37.8,66.2,19.2,78.5,40.3,24.1,
Springer, George,2019,30,479,556,.299,.288,89.8,10.3,14.3,44.8,69.0,20.8,87.7,37.8,24.1,
Vazquez, Christian,2019,29,482,521,.201,.191,88.7,12.9,6.2,38.5,67.7,32.9,71.8,33.1,29.2,
Wong, Kolten,2019,29,478,549,.138,.106,83.6,10.6,2.5,25.1,66.6,29.4,72.7,34.2,24.6,
Garcia, Leury,2019,28,577,618,.099,.101,86.6,4.8,3.8,29.5,72.2,35.5,75.8,30.8,32.1,
Grichuk, Randal,2019,28,586,628,.225,.188,89.3,16.2,8.5,39.8,69.4,33.3,84.6,43.5,20.5,
Trout, Mike,2019,28,470,600,.353,.357,90.7,22.2,18.6,44.3,57.7,17.9,77.7,41.5,23.7,
Harper, Bryce,2019,27,573,682,.250,.267,91.3,13.1,14.8,45.6,74.2,29.6,87.5,36.8,23.3,
Abreu, Jose,2019,32,634,693,.219,.234,92.1,10.9,12.8,48.2,66.4,34.8,70.5,39.4,25.8,
Narvaez, Omar,2019,27,428,482,.182,.165,85.4,17.8,5.3,27.5,72.2,26.3,82.5,36.6,27.7,
Suarez, Eugenio,2019,28,575,662,.301,.253,89.4,17.8,14.0,40.8,66.9,24.1,77.0,50.3,20.7,
Santana, Domingo,2019,27,451,507,.188,.233,89.0,11.7,12.5,42.1,69.4,24.8,86.1,34.9,26.3,
Urshela, Gio,2019,28,442,476,.219,.209,90.5,13.6,7.0,40.6,74.3,40.0,79.8,37.3,24.2,
Sanchez, Yolmer,2019,27,496,555,.069,.080,85.6,12.8,1.0,27.1,66.5,30.6,73.2,29.8,32.6,
Arenado, Nolan,2019,28,588,662,.269,.208,89.4,17.7,8.0,37.4,72.8,34.9,78.7,39.2,22.5,
Muncy, Max,2019,29,487,589,.265,.251,89.7,14.2,12.3,43.4,62.6,19.6,75.5,42.1,22.8,
Myers, Wil,2019,29,435,490,.179,.193,88.9,11.1,11.2,40.8,62.3,27.2,71.3,38.3,21.9,
Voit, Luke,2019,28,429,510,.200,.242,89.7,12.8,13.2,40.4,76.6,22.4,90.9,43.1,19.8,
Walker, Christian,2019,28,529,603,.217,.250,91.1,14.8,13.1,48.4,75.0,23.8,85.4,36.3,23.7,
Carpenter, Matt,2019,34,416,492,.166,.194,87.2,18.1,7.8,31.1,61.0,20.7,77.0,44.7,24.6,
Dozier, Brian,2019,32,416,482,.192,.190,88.3,19.0,6.7,34.9,61.4,19.6,68.3,51.0,19.9,
Iglesias, Jose,2019,29,504,530,.119,.093,84.0,7.0,2.5,23.9,66.8,45.8,65.1,33.6,24.0,
Bryant, Kris,2019,27,543,634,.239,.212,87.4,19.3,9.3,34.1,74.1,27.1,80.4,43.3,23.3,
Canha, Mark,2019,30,410,497,.244,.219,89.1,15.0,9.5,41.1,60.3,22.1,71.2,49.2,21.3,
Castellanos, Nicholas,2019,27,615,664,.236,.262,89.0,13.9,11.2,41.4,74.6,38.4,85.5,37.9,26.9,
Machado, Manny,2019,27,587,661,.206,.198,91.2,13.0,8.0,43.7,69.1,28.4,78.8,31.4,27.5,
Moran, Colin,2019,27,466,503,.152,.178,88.2,12.3,7.4,34.8,75.6,35.5,86.9,40.2,23.2,
Pederson, Joc,2019,27,450,514,.289,.221,90.9,15.3,10.3,43.5,68.3,26.2,77.2,46.0,18.5,
Realmuto, J.T.,2019,28,538,593,.217,.192,90.3,14.4,8.7,40.9,70.3,32.7,74.1,40.7,24.8,
Renfroe, Hunter,2019,27,440,494,.273,.230,89.9,19.1,12.0,39.4,64.9,29.5,71.9,53.4,13.7,
Rosario, Eddie,2019,28,562,590,.224,.230,89.1,16.7,8.5,36.0,80.7,43.1,86.1,44.4,20.1,
Yelich, Christian,2019,28,489,580,.342,.307,93.1,11.2,15.8,49.1,69.9,27.9,81.3,35.8,23.3,
Merrifield, Whit,2019,30,681,735,.160,.145,86.4,15.3,4.3,28.9,67.6,30.7,68.9,34.5,27.9,
Bogaerts, Xander,2019,27,614,698,.246,.202,90.6,13.1,8.6,43.7,56.2,27.4,66.1,36.5,23.9,
Alberto, Hanser,2019,27,524,550,.116,.105,82.8,10.7,2.9,18.3,73.5,44.7,77.2,38.3,23.8,
Polanco, Jorge,2019,26,631,704,.190,.188,87.0,17.9,6.7,33.0,65.2,26.6,71.8,34.7,26.1,
Calhoun, Kole,2019,32,552,632,.236,.228,89.3,14.7,11.2,42.6,73.1,26.0,84.1,47.4,19.4,
Eaton, Adam,2019,31,566,656,.148,.144,86.6,13.2,3.8,34.2,61.8,26.3,67.3,29.4,31.6,
Kiermaier, Kevin,2019,29,447,480,.170,.144,88.9,6.7,5.5,37.8,75.1,34.9,75.7,32.5,22.3,
Profar, Jurickson,2019,26,459,518,.192,.172,86.7,14.2,6.2,30.9,65.4,26.1,80.1,47.0,22.0,
Baez, Javier,2019,27,531,561,.250,.231,91.0,7.6,12.7,43.6,73.2,42.2,75.6,31.6,27.9,
Lindor, Francisco,2019,26,598,654,.234,.183,90.6,11.9,7.5,40.6,72.3,31.7,77.1,41.4,22.1,
Odor, Rougned,2019,25,522,581,.234,.239,89.4,16.2,13.6,45.6,66.8,29.7,76.7,45.7,18.5,
Story, Trevor,2019,27,588,656,.260,.198,90.9,17.3,8.6,45.8,70.1,28.5,82.0,37.4,27.8,
Vogelbach, Daniel,2019,27,462,558,.232,.216,88.9,17.2,10.8,37.7,51.0,19.5,54.6,37.5,25.7,
Kepler, Max,2019,26,524,596,.267,.195,89.7,18.2,8.9,41.7,73.8,27.6,84.5,50.8,19.1,
Choi, Ji-Man,2019,28,410,487,.198,.230,91.1,12.6,11.3,42.4,68.0,20.2,83.7,33.3,23.9,
Bradley Jr., Jackie,2019,29,494,567,.196,.191,89.7,8.7,9.9,43.0,68.6,28.2,75.3,37.2,23.5,
Nunez, Renato,2019,25,541,599,.216,.216,89.9,20.0,10.7,40.6,67.9,34.5,72.3,41.8,26.4,
Ahmed, Nick,2019,29,556,625,.183,.163,87.5,7.5,6.6,33.8,72.2,27.8,85.1,33.6,24.8,
Anderson, Brian,2019,26,459,520,.207,.198,89.9,11.1,8.9,45.7,65.1,31.9,74.6,31.6,29.3,
Bell, Josh,2019,27,527,613,.292,.271,92.3,13.0,12.7,47.1,76.6,27.6,87.2,38.9,25.2,
Betts, Mookie,2019,27,597,706,.229,.260,91.0,19.1,10.3,46.6,59.3,18.7,66.0,39.4,22.4,
Panik, Joe,2019,29,438,491,.091,.118,86.3,12.3,2.0,25.6,63.7,21.4,68.5,34.5,26.2,
Smith, Mallex,2019,26,510,566,.108,.074,84.3,7.2,2.2,19.8,68.5,25.9,73.8,28.0,30.6,
Arcia, Orlando,2019,25,494,546,.128,.131,87.5,6.3,4.6,30.8,65.0,30.3,76.3,31.3,24.7,
Marte, Ketel,2019,26,569,628,.264,.219,89.8,11.5,9.3,40.0,70.5,28.3,77.3,40.2,21.6,
Turner, Trea,2019,26,521,569,.200,.169,90.3,9.7,6.8,41.5,67.1,29.0,70.9,38.5,24.9,
Pillar, Kevin,2019,30,611,645,.173,.142,86.0,13.9,4.9,30.7,72.9,46.9,79.2,45.2,22.5,
Ramirez, Jose,2019,27,482,542,.224,.190,89.1,19.8,6.3,35.7,63.8,22.8,80.0,48.1,20.5,
Bregman, Alex,2019,25,554,690,.296,.198,89.3,19.6,5.4,37.5,57.2,15.8,67.8,42.8,18.0,
Seager, Corey,2019,25,489,541,.211,.199,88.8,14.1,7.3,37.9,77.8,26.7,88.5,33.9,27.8,
Reyes, Franmil,2019,24,494,548,.263,.273,93.3,9.5,14.8,51.0,76.8,30.1,85.6,32.2,24.9,
Swanson, Dansby,2019,25,483,545,.172,.206,89.8,14.2,10.1,41.6,68.8,24.6,75.3,37.8,25.8,
Newman, Kevin,2019,26,493,531,.138,.095,84.7,8.1,2.1,24.4,69.7,33.6,78.2,32.3,27.9,
Olson, Matt,2019,25,483,547,.277,.296,91.9,18.3,14.5,50.3,66.5,24.9,74.1,49.7,18.2,
Alonso, Pete,2019,25,597,693,.323,.284,90.6,14.8,15.8,42.3,67.2,31.9,71.0,42.4,18.9,
Conforto, Michael,2019,26,549,648,.237,.240,88.8,15.7,11.9,39.3,70.3,25.0,86.6,40.5,25.7,
Frazier, Adam,2019,28,554,608,.139,.121,86.3,12.1,1.9,28.0,69.5,27.0,80.6,36.6,29.3,
Puig, Yasiel,2019,29,555,611,.191,.196,89.9,14.2,9.6,39.1,77.1,30.1,86.2,32.6,28.6,
Soler, Jorge,2019,27,589,679,.304,.314,92.6,15.4,16.9,49.9,68.0,24.0,82.5,46.7,22.2,
Meadows, Austin,2019,24,530,591,.268,.261,90.4,16.7,12.5,42.9,60.7,24.7,68.3,41.1,20.3,
Mercado, Oscar,2019,25,438,482,.174,.139,86.5,13.4,4.1,33.9,75.4,27.5,85.6,40.0,24.7,
Anderson, Tim,2019,26,498,518,.173,.164,88.3,8.7,5.1,37.3,75.1,43.7,81.9,29.2,29.4,
Bellinger, Cody,2019,24,558,661,.324,.314,90.7,17.6,13.0,45.5,68.5,23.6,80.0,47.0,22.6,
Dozier, Hunter,2019,28,523,586,.243,.208,91.1,16.7,10.0,42.6,64.8,26.8,74.2,39.2,25.3,
Mancini, Trey,2019,27,602,679,.244,.224,90.3,7.8,10.3,42.7,67.2,32.0,73.8,31.7,26.3,
McMahon, Ryan,2019,25,480,539,.200,.182,91.4,8.4,9.0,47.7,74.7,26.5,88.3,31.7,28.0,
Rosario, Amed,2019,24,616,655,.144,.130,89.2,8.8,4.2,39.1,69.6,35.7,73.4,26.2,26.6,
Adames, Willy,2019,24,531,584,.164,.182,87.8,10.0,8.4,35.5,68.5,24.7,80.9,33.5,26.2,
Benintendi, Andrew,2019,25,541,615,.165,.192,88.6,17.3,8.1,37.7,77.1,29.5,85.4,34.5,26.2,
McNeil, Jeff,2019,27,510,567,.214,.178,88.4,13.2,4.8,36.6,83.6,38.0,93.7,44.7,23.4,
Albies, Ozzie,2019,22,640,702,.205,.197,88.8,15.6,6.6,33.5,80.4,34.4,89.4,40.4,20.5,
Robles, Victor,2019,22,546,617,.165,.134,81.0,14.5,4.8,23.0,70.0,29.2,80.7,41.5,24.5,
Devers, Rafael,2019,23,647,702,.244,.223,92.1,10.3,9.0,47.5,75.2,37.5,86.3,36.5,26.7,
Jimenez, Eloy,2019,23,468,504,.246,.251,91.2,9.3,12.8,47.9,71.3,33.7,76.0,34.5,23.8,
Torres, Gleyber,2019,23,546,604,.256,.233,89.0,17.4,10.1,35.8,75.5,31.1,85.3,41.0,23.8,
Chapman, Matt,2019,26,583,670,.257,.248,92.6,16.3,12.3,48.7,62.4,22.6,76.6,39.0,23.9,
Hoskins, Rhys,2019,26,570,705,.228,.203,89.7,24.0,9.7,38.7,58.2,22.0,70.0,46.7,20.3,
Schwarber, Kyle,2019,26,529,610,.282,.284,92.7,15.0,14.5,51.2,65.0,23.7,73.6,40.9,28.0,
DeJong, Paul,2019,26,583,664,.211,.201,87.0,18.5,8.6,34.0,69.5,28.0,80.0,45.2,19.3,
Laureano, Ramon,2019,25,434,481,.233,.211,89.5,14.8,9.7,40.4,66.2,29.9,72.3,39.4,21.9,
Moncada, Yoan,2019,24,511,559,.233,.231,92.8,12.0,12.2,47.9,66.7,29.0,73.2,36.8,24.9,
Acuna Jr., Ronald,2019,22,626,715,.238,.290,90.6,14.2,15.0,46.9,68.4,24.0,87.4,38.7,28.0,
Fletcher, David,2019,25,596,653,.094,.076,83.7,9.8,0.4,16.9,48.7,22.6,56.4,39.7,24.5,
Kingery, Scott,2019,25,458,500,.216,.187,88.2,17.5,8.0,38.9,71.3,31.2,83.2,42.7,21.7,
Guerrero Jr., Vladimir,2019,20,464,514,.162,.170,89.4,6.7,7.7,38.4,69.4,28.9,85.7,35.7,22.4,
Soto, Juan,2019,21,542,659,.266,.288,91.3,12.0,12.3,47.8,66.5,20.3,79.9,35.6,26.4,
Reynolds, Bryan,2019,24,491,546,.189,.179,89.6,9.4,6.7,41.7,71.9,28.1,83.6,37.0,26.5,
Ortiz, David,2016,41,537,626,.305,.318,92.9,16.7,15.3,46.9,68.0,26.6,80.2,47.6,16.8,
Beltre, Adrian,2016,37,583,640,.221,.218,90.1,14.4,8.5,39.8,64.7,34.3,70.6,36.9,25.6,
Beltran, Carlos,2016,39,552,593,.217,.162,90.0,12.7,6.8,38.5,66.1,28.5,73.5,43.7,22.2,
Werth, Jayson,2016,37,525,606,.173,.171,91.3,14.9,7.7,44.4,52.7,22.5,66.8,41.1,23.2,
Martinez, Victor,2016,38,553,610,.186,.217,90.0,15.7,8.4,41.8,65.3,30.4,70.7,44.8,21.9,
Utley, Chase,2016,38,512,565,.145,.127,87.2,11.7,4.3,33.6,58.3,21.4,72.3,44.6,18.5,
Pujols, Albert,2016,36,593,650,.189,.240,91.5,12.0,9.5,44.3,62.5,30.6,66.3,43.9,19.1,
Mauer, Joe,2016,33,494,576,.128,.161,89.7,3.8,5.7,42.7,50.2,20.9,54.1,28.3,37.0,
Cabrera, Miguel,2016,33,595,679,.247,.338,93.6,12.3,15.9,50.4,70.9,30.7,78.7,34.3,27.9,
Gonzalez, Adrian,2016,34,568,633,.150,.147,88.0,9.4,4.6,33.7,71.3,30.0,77.2,35.4,28.0,
Phillips, Brandon,2016,35,550,584,.125,.109,86.1,9.6,2.7,25.3,75.2,40.6,73.6,30.6,30.0,
Upton, B.J.,2016,32,492,539,.165,.160,87.9,8.8,6.1,35.8,68.9,28.3,85.7,34.0,29.7,
Molina, Yadier,2016,34,534,581,.120,.134,87.6,9.1,3.6,27.9,71.8,35.0,75.2,35.9,27.3,
Cano, Robinson,2016,34,655,715,.235,.198,90.1,11.6,7.7,42.9,70.3,34.6,75.9,36.8,26.3,
Encarnacion, Edwin,2016,33,601,702,.266,.268,90.8,15.7,12.3,40.6,65.0,21.4,78.5,50.1,18.0,
Bautista, Jose,2016,36,423,517,.217,.190,91.6,14.8,9.0,45.7,56.4,18.8,71.9,46.0,14.8,
Jones, Adam,2016,31,619,672,.171,.198,88.4,14.5,8.0,34.9,82.5,42.6,84.4,38.8,23.4,
Martin, Russell,2016,33,455,535,.167,.182,89.0,9.7,9.3,39.9,56.7,19.1,74.3,33.5,27.5,
Granderson, Curtis,2016,35,545,633,.228,.185,87.6,18.4,7.4,32.6,56.7,20.1,71.2,41.4,19.8,
Pagan, Angel,2016,35,495,543,.141,.101,85.6,12.2,3.0,21.5,57.8,23.2,65.8,38.9,27.5,
Ramirez, Hanley,2016,33,549,620,.219,.202,90.4,9.1,10.4,41.6,66.0,29.5,76.0,34.9,26.8,
Morales, Kendrys,2016,33,558,618,.204,.263,92.7,11.4,10.8,49.9,66.8,33.1,70.8,36.1,24.8,
Kendrick, Howie,2016,33,487,543,.111,.143,90.1,1.6,5.8,42.1,67.1,28.4,77.2,22.3,33.8,
Napoli, Mike,2016,35,557,645,.226,.246,89.6,18.6,13.3,38.3,63.6,24.6,77.9,43.5,20.4,
Kinsler, Ian,2016,34,618,679,.196,.153,87.0,18.3,4.0,30.8,62.4,25.1,67.9,42.1,21.1,
Desmond, Ian,2016,31,625,677,.162,.161,90.5,4.7,7.5,43.2,62.1,29.0,65.0,27.8,30.8,
Cruz, Nelson,2016,36,589,667,.268,.307,94.4,11.1,16.5,52.2,68.7,28.0,75.8,35.2,24.7,
Trumbo, Mark,2016,30,613,667,.277,.279,92.7,14.7,15.8,44.9,69.3,31.2,79.6,40.6,24.4,
Escobar, Alcides,2016,30,637,682,.089,.072,82.9,8.3,1.4,17.4,68.4,37.7,74.6,38.5,27.0,
Prado, Martin,2016,33,600,658,.112,.085,87.9,8.9,1.3,30.8,51.5,26.8,56.2,30.8,27.4,
Longoria, Evan,2016,31,633,685,.248,.265,90.7,18.3,11.9,41.3,64.5,32.4,70.1,40.5,23.2,
Cozart, Zack,2016,31,464,508,.172,.118,86.1,15.2,2.3,27.5,65.5,27.0,69.2,44.7,19.2,
Davis, Chris,2016,30,566,665,.239,.268,90.8,16.9,15.1,44.0,62.3,27.3,73.0,40.6,21.7,
Zobrist, Ben,2016,35,523,631,.174,.137,88.2,8.6,4.5,35.2,54.6,18.8,67.4,46.8,16.9,
Fowler, Dexter,2016,30,456,551,.171,.146,87.4,12.0,5.6,32.0,62.4,17.6,74.0,38.9,22.3,
Headley, Chase,2016,32,467,529,.133,.134,87.1,11.7,5.9,33.3,65.3,23.8,78.0,37.9,23.7,
Span, Denard,2016,32,572,637,.115,.099,84.7,5.4,2.8,29.5,64.1,24.3,73.9,35.5,23.4,
Cabrera, Asdrubal,2016,31,521,568,.194,.167,88.2,14.5,5.7,33.1,71.5,32.3,76.2,47.9,21.2,
Ellsbury, Jacoby,2016,33,551,626,.111,.089,86.5,10.4,1.7,31.4,66.7,25.2,72.0,38.8,23.4,
Tulowitzki, Troy,2016,32,492,544,.189,.224,90.0,13.9,9.6,40.5,61.4,26.6,72.8,40.5,22.8,
Blackmon, Charlie,2016,30,578,641,.228,.181,86.9,14.5,6.8,33.5,63.4,31.7,63.8,41.4,25.5,
Frazier, Todd,2016,30,590,666,.239,.205,88.8,20.3,10.1,35.4,64.9,30.0,74.0,44.6,22.1,
Markakis, Nick,2016,33,599,684,.129,.137,90.6,10.9,4.9,42.8,61.1,21.4,71.0,31.4,28.2,
Pedroia, Dustin,2016,33,633,698,.131,.113,88.5,8.4,2.5,28.9,58.4,24.7,66.5,34.0,31.6,
Nunez, Eduardo,2016,29,553,595,.145,.128,88.6,8.1,4.4,37.0,69.1,36.3,75.8,32.1,30.0,
McCutchen, Andrew,2016,30,598,675,.174,.195,89.6,16.1,8.5,41.7,69.0,23.8,84.3,43.4,22.3,
Upton, Justin,2016,29,570,626,.219,.230,91.3,15.6,12.5,45.5,64.5,23.3,77.2,37.9,26.0,
Turner, Justin,2016,32,556,622,.218,.205,90.5,16.8,8.8,40.9,63.8,23.2,72.5,35.0,30.9,
Posey, Buster,2016,29,539,614,.147,.194,90.5,9.8,7.1,43.0,66.5,26.6,69.7,32.4,30.5,
Espinosa, Danny,2016,29,516,601,.169,.167,86.4,12.0,9.1,33.7,68.0,31.5,75.5,49.0,17.3,
Bruce, Jay,2016,29,539,589,.256,.217,88.8,14.6,8.7,38.5,75.7,31.8,88.1,41.1,20.2,
Votto, Joey,2016,33,556,677,.225,.229,89.6,11.6,9.7,38.7,66.3,19.8,85.1,35.8,29.1,
Gardner, Brett,2016,33,547,634,.101,.086,85.4,6.3,2.4,23.8,53.3,22.3,58.3,30.0,26.9,
Saunders, Michael,2016,30,490,558,.224,.180,89.6,10.7,8.3,44.5,68.3,23.0,83.1,37.1,25.8,
Braun, Ryan,2016,33,511,564,.233,.181,89.9,4.3,8.4,38.7,72.3,34.4,77.0,35.8,26.2,
Gordon, Alex,2016,32,445,506,.160,.191,87.8,15.4,8.7,36.6,65.1,23.9,79.8,42.6,22.5,
Kemp, Matt,2016,32,623,672,.231,.250,88.2,14.4,11.1,37.8,73.5,38.2,82.3,41.5,23.8,
Andrus, Elvis,2016,28,506,568,.136,.099,86.9,8.4,1.8,31.8,59.7,24.8,67.4,38.5,22.1,
Cabrera, Melky,2016,32,591,646,.159,.102,89.2,10.9,2.1,34.0,66.9,34.0,71.1,37.7,28.9,
Ramos, Wilson,2016,29,482,523,.189,.201,90.7,4.8,7.6,43.2,71.1,28.2,81.4,33.4,26.3,
Santana, Carlos,2016,30,582,688,.239,.235,90.7,14.1,9.8,42.6,60.5,18.8,68.9,48.0,17.0,
Gonzalez, Carlos,2016,31,584,632,.207,.189,90.1,8.6,8.8,41.2,72.8,34.3,77.1,34.9,24.3,
Mercer, Jordy,2016,30,519,584,.118,.099,86.1,10.1,2.2,26.1,59.7,27.3,64.2,31.2,30.6,
Belt, Brandon,2016,28,542,655,.199,.226,87.2,21.0,11.3,32.4,77.8,23.3,92.0,35.2,30.2,
Carter, Chris,2016,30,549,644,.277,.294,91.7,18.5,17.6,45.9,66.5,24.7,81.3,37.1,20.4,
Alonso, Yonder,2016,29,482,532,.114,.141,88.1,10.4,4.1,37.1,68.2,25.6,82.5,37.6,25.0,
Escobar, Yunel,2016,34,517,567,.087,.098,88.8,1.3,2.8,35.9,69.8,27.1,84.6,27.8,23.4,
Cespedes, Yoenis,2016,31,479,543,.251,.240,91.7,16.3,9.8,47.5,64.5,33.0,73.1,36.6,24.1,
Ramirez, Alexei,2016,35,478,506,.092,.056,84.3,8.9,0.5,23.7,65.0,32.5,72.6,40.9,20.3,
Davis, Khris,2016,29,555,610,.277,.302,91.7,12.9,17.0,48.0,74.3,29.2,88.4,35.3,25.1,
Martinez, J.D.,2016,29,460,517,.228,.272,91.4,13.4,14.2,46.6,75.6,31.3,86.7,38.6,25.2,
Valencia, Danny,2016,32,471,517,.159,.183,90.0,9.9,7.8,40.8,60.3,29.4,71.5,35.2,26.0,
Murphy, Daniel,2016,31,531,582,.249,.242,90.6,16.8,8.5,41.1,63.8,30.7,69.8,40.2,25.3,
Goldschmidt, Paul,2016,29,579,705,.192,.183,91.0,11.1,7.8,42.6,59.5,20.8,74.1,38.2,26.5,
Gonzalez, Marwin,2016,27,484,518,.147,.146,86.2,6.5,5.4,35.4,64.4,34.6,72.1,43.4,17.7,
Altuve, Jose,2016,26,640,717,.194,.201,87.5,10.9,6.9,36.2,70.0,30.5,78.8,39.3,19.5,
Hernandez, Cesar,2016,26,547,622,.099,.073,84.2,2.3,1.8,28.8,66.1,23.0,79.2,35.4,29.9,
Segura, Jean,2016,26,637,694,.181,.176,88.2,6.9,5.9,33.8,62.7,29.9,65.7,27.5,32.3,
Castro, Starlin,2016,26,577,610,.163,.151,88.5,8.9,5.4,34.2,68.1,35.1,81.3,35.7,24.7,
Marte, Starling,2016,28,489,529,.145,.147,86.6,8.4,5.4,36.8,72.5,37.2,80.6,35.8,26.9,
Donaldson, Josh,2016,31,577,700,.265,.274,92.0,14.7,12.5,49.2,63.2,23.3,78.1,42.5,24.4,
Freeman, Freddie,2016,27,589,693,.267,.292,91.3,17.3,13.7,44.7,79.4,29.3,88.2,35.0,29.6,
Heyward, Jason,2016,27,530,592,.094,.092,86.7,10.6,2.7,30.7,59.6,23.7,62.7,39.5,22.3,
LeMahieu, DJ,2016,28,552,635,.147,.148,90.4,4.8,4.9,47.5,59.2,23.0,64.3,20.8,37.2,
Lucroy, Jonathan,2016,30,490,544,.208,.194,87.6,14.7,7.6,34.8,56.7,28.3,61.9,32.2,26.9,
Moreland, Mitch,2016,31,460,503,.189,.217,90.5,14.7,9.6,39.5,69.9,32.4,74.0,42.1,19.6,
Rizzo, Anthony,2016,27,583,676,.252,.216,89.0,16.4,9.2,36.4,63.6,29.7,72.4,43.3,22.6,
Vogt, Stephen,2016,32,490,532,.155,.152,85.8,19.2,5.1,26.6,59.7,30.8,60.4,35.1,31.0,
Galvis, Freddy,2016,27,584,624,.158,.114,85.6,12.4,3.0,27.2,67.2,38.7,66.9,41.1,23.5,
Perez, Salvador,2016,26,514,546,.191,.158,88.8,19.1,6.3,37.5,69.2,42.5,71.4,43.6,19.9,
Forsythe, Logan,2016,29,511,567,.180,.206,90.0,13.5,7.5,38.6,57.5,18.8,63.2,38.1,30.3,
Inciarte, Ender,2016,26,522,578,.090,.061,84.5,7.0,0.7,15.0,61.7,30.5,68.6,30.6,34.7,
Ozuna, Marcell,2016,26,557,608,.187,.185,90.7,10.8,7.8,41.5,64.4,31.5,75.0,33.9,22.9,
Villar, Jonathan,2016,25,589,679,.171,.132,88.0,2.9,6.6,38.0,65.0,21.8,77.4,27.1,25.7,
Crawford, Brandon,2016,29,553,623,.156,.154,88.3,12.1,5.6,34.5,76.7,29.1,88.4,37.1,25.3,
Harrison, Josh,2016,29,487,522,.105,.113,85.2,11.5,2.1,23.4,70.9,35.9,78.5,38.5,26.5,
Hosmer, Eric,2016,27,605,667,.167,.181,91.6,3.6,9.4,44.2,69.8,31.2,79.9,34.8,29.1,
Kipnis, Jason,2016,29,610,688,.193,.177,89.1,13.9,6.7,39.5,60.6,25.6,63.0,36.6,24.6,
Miller, Brad,2016,27,548,601,.239,.191,90.3,11.7,9.7,42.3,70.2,29.1,81.5,40.5,25.4,
Rendon, Anthony,2016,26,567,647,.180,.181,90.8,16.9,5.9,41.5,62.1,21.1,75.5,37.1,29.5,
Semien, Marcus,2016,26,568,621,.197,.179,87.8,15.1,6.7,34.8,65.4,25.2,78.4,39.0,25.3,
Shaw, Travis,2016,26,480,530,.179,.183,88.5,16.1,8.0,34.2,67.2,31.4,75.9,38.5,27.1,
Springer, George,2016,27,644,744,.196,.201,89.3,8.6,10.5,37.9,71.1,25.5,86.7,36.6,23.6,
Gregorius, Didi,2016,26,562,597,.171,.102,85.0,13.5,2.9,25.3,74.3,38.4,72.5,35.1,28.6,
Trout, Mike,2016,25,549,681,.235,.262,90.8,12.9,14.6,40.5,57.6,21.7,65.8,37.9,25.9,
Herrera, Odubel,2016,25,583,656,.134,.116,86.9,9.3,4.2,30.9,66.9,34.0,75.0,26.9,35.3,
Harper, Bryce,2016,24,506,627,.198,.187,88.6,14.6,7.5,35.8,67.2,24.1,78.9,36.3,25.1,
Martin, Leonys,2016,28,518,576,.131,.112,85.6,11.0,5.3,30.8,67.2,31.3,66.7,44.5,23.2,
Abreu, Jose,2016,29,624,695,.175,.187,89.7,10.3,8.1,39.4,68.1,37.5,72.3,33.3,29.3,
Suarez, Eugenio,2016,25,565,627,.163,.160,86.6,15.7,6.5,29.1,61.4,25.7,68.8,37.3,26.4,
Polanco, Gregory,2016,25,527,587,.205,.168,89.6,13.5,6.3,39.5,68.3,29.8,74.6,47.0,23.1,
Schoop, Jonathan,2016,25,615,647,.187,.151,87.4,12.0,6.7,34.7,79.3,41.9,87.7,42.4,23.9,
Arenado, Nolan,2016,25,618,696,.275,.209,89.4,18.7,9.0,39.4,67.0,32.0,71.0,41.9,21.0,
Gennett, Scooter,2016,26,498,542,.149,.106,86.7,11.7,3.9,24.5,72.5,32.3,83.5,33.3,31.5,
Lamb, Jake,2016,26,523,594,.260,.227,91.3,10.4,12.1,43.2,64.0,25.3,78.9,41.3,23.1,
Myers, Wil,2016,26,599,676,.202,.174,88.6,10.2,7.0,39.0,57.6,24.9,69.6,36.3,23.9,
Piscotty, Stephen,2016,25,582,649,.184,.195,88.1,13.4,8.6,37.6,72.3,33.0,79.3,37.2,24.6,
Seager, Kyle,2016,29,597,676,.221,.220,90.1,16.5,9.2,41.3,61.0,24.0,68.0,39.3,28.1,
Carpenter, Matt,2016,31,473,566,.235,.254,89.7,17.0,11.3,41.5,56.7,22.1,66.0,46.5,18.0,
Dickerson, Corey,2016,27,510,548,.224,.206,89.0,17.9,11.1,38.4,74.8,41.0,83.1,32.0,32.8,
Dozier, Brian,2016,29,615,691,.278,.218,87.5,18.4,8.3,35.7,61.1,27.9,68.9,51.4,16.7,
Iglesias, Jose,2016,26,467,513,.081,.056,82.5,7.1,0.7,20.8,53.0,35.1,55.1,34.9,30.9,
Hechavarria, Adeiny,2016,27,508,547,.075,.082,87.4,7.5,1.1,31.1,66.7,32.4,73.1,24.5,32.7,
Bryant, Kris,2016,24,603,699,.262,.277,89.3,20.9,11.9,38.9,72.1,28.7,88.6,44.9,19.9,
Machado, Manny,2016,24,640,696,.239,.236,90.3,14.7,9.5,43.0,69.9,30.6,81.1,39.8,24.0,
Realmuto, J.T.,2016,25,509,545,.126,.119,88.6,9.8,4.1,35.2,65.9,30.2,72.0,36.7,25.5,
Yelich, Christian,2016,25,578,659,.185,.198,92.4,2.5,9.7,49.7,63.2,20.9,76.3,33.0,28.8,
Bogaerts, Xander,2016,24,652,719,.152,.140,88.8,11.3,5.3,32.7,58.4,32.5,65.0,40.0,25.4,
Calhoun, Kole,2016,29,594,672,.167,.179,89.5,14.8,6.2,40.1,73.0,29.3,82.2,36.8,25.2,
Duvall, Adam,2016,28,552,608,.257,.243,88.6,19.0,12.1,40.8,68.3,32.8,78.8,49.7,19.9,
Eaton, Adam,2016,28,619,706,.144,.120,86.9,3.4,3.1,36.0,65.1,28.9,69.1,27.2,35.2,
Lindor, Francisco,2016,23,604,684,.134,.129,88.4,7.7,4.1,33.0,68.1,28.1,77.1,37.3,26.6,
Odor, Rougned,2016,22,605,632,.231,.198,88.3,13.1,7.8,37.6,68.8,41.2,74.1,43.9,18.8,
Cuthbert, Cheslor,2016,24,475,510,.139,.093,89.2,12.3,2.4,36.6,67.6,30.0,79.3,35.9,25.7,
Franco, Maikel,2016,24,581,630,.172,.169,89.6,11.9,7.1,40.5,72.4,32.1,87.9,41.1,20.7,
Bradley Jr., Jackie,2016,26,558,636,.219,.189,90.1,10.1,8.6,39.0,63.8,27.3,69.4,41.2,20.0,
Betts, Mookie,2016,24,672,730,.216,.165,89.7,12.5,5.3,39.6,57.4,23.0,70.2,37.9,26.4,
Panik, Joe,2016,26,464,526,.140,.141,86.1,12.1,4.7,26.4,63.4,21.3,77.3,34.6,28.0,
Pillar, Kevin,2016,27,548,584,.109,.099,86.2,10.4,3.0,30.2,60.6,36.7,64.7,36.0,29.5,
Ramirez, Jose,2016,24,565,618,.150,.125,88.0,12.9,3.0,32.9,61.8,26.2,73.5,35.6,28.1,
Russell, Addison,2016,22,525,598,.179,.177,87.2,15.2,9.3,31.3,71.8,28.6,80.8,43.7,21.5,
Seager, Corey,2016,22,627,687,.204,.212,91.0,10.2,8.3,43.8,78.5,28.8,93.9,32.5,29.4,
Mazara, Nomar,2016,21,516,568,.153,.161,88.0,8.4,6.8,34.8,61.2,31.6,67.6,33.6,26.8,
Garcia, Adonis,2016,31,532,563,.133,.137,89.0,7.9,5.2,34.9,69.6,36.5,72.0,35.5,24.1,
Correa, Carlos,2016,22,577,660,.177,.189,91.0,6.9,7.7,43.1,63.3,27.8,68.8,35.6,27.4,
Tomas, Yasmany,2016,26,530,563,.236,.212,90.6,9.8,10.6,42.0,79.8,39.9,86.8,37.2,29.1,
Martinez, Victor,2018,40,467,508,.103,.143,87.8,14.0,4.7,30.4,68.4,31.9,82.4,39.5,25.4,
Mauer, Joe,2018,35,486,543,.097,.149,90.7,4.5,5.0,44.0,49.6,19.3,56.0,24.5,33.2,
Choo, Shin-Soo,2018,36,560,665,.170,.210,89.0,6.1,11.1,40.0,60.5,21.7,65.5,33.4,26.0,
Molina, Yadier,2018,36,459,503,.174,.166,88.1,15.4,5.5,33.6,70.4,35.3,73.8,45.4,20.8,
Encarnacion, Edwin,2018,35,500,579,.228,.239,89.9,18.1,11.7,41.4,66.4,24.5,79.0,43.7,23.2,
Jones, Adam,2018,33,580,613,.138,.138,88.0,13.0,4.9,33.1,72.5,39.3,77.3,34.0,26.5,
Kinsler, Ian,2018,36,487,534,.140,.118,85.3,17.8,3.1,25.9,66.1,24.4,79.4,39.9,22.8,
Desmond, Ian,2018,33,555,619,.186,.153,89.9,0.0,7.0,43.2,69.6,27.1,81.4,24.6,30.0,
Cruz, Nelson,2018,38,519,591,.252,.275,93.9,12.8,13.8,51.3,68.6,28.3,76.5,37.8,22.5,
Peralta, David,2018,31,560,614,.223,.191,91.5,6.7,7.8,45.7,67.1,28.5,75.7,33.8,25.1,
Escobar, Alcides,2018,32,485,531,.082,.085,83.1,9.5,2.1,21.5,71.3,31.4,76.8,35.9,25.3,
Jay, Jon,2018,33,527,586,.080,.079,84.1,3.2,1.8,21.4,65.0,32.8,72.5,29.1,30.7,
Longoria, Evan,2018,33,480,512,.169,.172,88.5,13.6,7.6,37.0,66.9,29.1,75.2,38.3,26.0,
Davis, Chris,2018,32,470,522,.128,.166,89.0,14.7,10.3,40.1,62.9,27.9,71.8,37.6,25.5,
Zobrist, Ben,2018,37,455,520,.134,.113,89.4,8.5,3.0,38.2,60.0,21.9,71.3,44.9,19.9,
Cabrera, Asdrubal,2018,33,546,592,.196,.180,89.6,14.3,7.2,38.9,70.7,29.0,84.0,45.2,20.0,
Blackmon, Charlie,2018,32,626,696,.211,.161,87.2,11.8,6.5,35.2,65.5,29.1,66.7,38.2,21.6,
Markakis, Nick,2018,35,623,705,.143,.132,90.6,10.1,3.1,41.5,60.5,20.0,72.8,29.5,28.4,
Nunez, Eduardo,2018,31,480,502,.123,.086,88.2,9.2,3.4,35.7,72.7,36.2,83.2,28.4,28.9,
Cain, Lorenzo,2018,32,539,620,.109,.100,89.1,4.9,3.4,40.5,63.9,21.0,75.6,28.2,32.2,
McCutchen, Andrew,2018,32,569,682,.169,.181,90.1,13.4,8.4,41.9,62.1,15.9,76.0,42.2,20.4,
Upton, Justin,2018,31,533,613,.206,.213,90.7,11.8,14.0,47.4,64.8,20.9,73.7,42.1,20.7,
Votto, Joey,2018,35,503,623,.135,.189,88.1,13.3,6.7,34.9,66.8,13.1,83.8,33.3,30.4,
Gardner, Brett,2018,35,530,609,.132,.102,87.3,8.4,2.8,32.9,52.8,20.5,55.6,31.5,26.2,
Gordon, Alex,2018,34,506,568,.125,.174,88.5,10.9,6.8,39.4,65.1,28.1,75.3,39.2,24.8,
Kemp, Matt,2018,34,462,506,.190,.248,89.6,15.8,11.3,39.1,72.8,31.3,79.2,40.4,22.3,
Santana, Carlos,2018,32,560,679,.186,.172,88.8,15.1,7.2,39.0,63.8,20.9,75.6,45.3,22.7,
Gonzalez, Carlos,2018,33,463,504,.190,.137,89.4,8.9,6.2,39.2,72.9,32.0,80.1,29.7,25.8,
Alonso, Yonder,2018,31,516,574,.171,.191,87.7,15.6,10.1,37.5,73.0,30.4,85.3,39.7,21.9,
Smoak, Justin,2018,32,505,594,.216,.211,89.5,14.9,10.8,41.9,61.6,22.3,79.2,44.0,21.3,
Lowrie, Jed,2018,34,596,680,.181,.166,89.0,17.2,5.3,37.7,70.3,21.4,87.0,42.0,25.7,
Brantley, Michael,2018,31,570,631,.160,.145,89.9,9.5,3.7,38.0,65.3,23.5,70.7,38.7,22.1,
Gurriel, Yuli,2018,34,537,573,.138,.099,89.3,11.5,1.9,36.2,68.7,34.4,75.8,36.0,21.6,
Solarte, Yangervis,2018,31,468,506,.152,.135,87.0,13.9,4.5,32.0,76.3,37.6,83.8,34.8,23.8,
Rojas, Miguel,2018,29,488,528,.094,.082,84.1,8.9,0.9,23.8,64.7,32.3,69.7,30.3,27.9,
Escobar, Eduardo,2018,29,566,631,.217,.177,86.5,18.8,8.3,27.6,72.4,35.2,80.2,37.5,25.9,
Martinez, Jose,2018,30,534,590,.152,.209,90.7,8.0,9.4,44.1,63.6,26.1,73.9,26.2,33.1,
Davis, Khris,2018,31,576,654,.302,.317,92.5,18.1,17.2,47.8,76.0,23.2,88.8,34.8,24.8,
Pham, Tommy,2018,30,494,570,.188,.213,92.8,6.7,10.1,49.9,59.6,18.9,71.8,33.9,21.6,
Martinez, J.D.,2018,31,569,649,.299,.306,93.0,10.7,16.0,52.4,74.7,29.2,88.1,36.0,30.7,
Goldschmidt, Paul,2018,31,593,690,.243,.259,90.8,15.7,13.6,43.8,62.0,26.0,68.4,34.3,27.4,
Gonzalez, Marwin,2018,29,489,552,.162,.167,87.4,10.0,6.8,41.5,60.5,29.2,66.7,40.5,18.6,
Altuve, Jose,2018,28,534,599,.135,.159,86.3,9.5,5.9,33.8,67.8,30.0,75.2,34.0,20.7,
Hernandez, Cesar,2018,28,605,708,.109,.105,84.2,9.4,4.2,28.0,57.4,17.8,65.0,35.5,26.2,
Segura, Jean,2018,28,586,632,.111,.114,87.0,7.4,3.6,32.1,65.1,31.7,75.7,33.4,25.0,
Castro, Starlin,2018,28,593,647,.121,.142,88.5,8.4,6.9,36.2,64.9,27.4,72.0,35.4,20.8,
Marte, Starling,2018,30,559,606,.182,.184,87.5,8.2,7.5,38.3,75.0,33.3,81.4,37.4,24.9,
Dietrich, Derek,2018,29,499,551,.156,.143,87.4,15.7,6.1,37.8,70.5,31.7,81.1,39.9,24.9,
Freeman, Freddie,2018,29,618,707,.196,.235,89.1,14.5,9.3,39.8,82.7,31.1,91.8,39.0,25.8,
Grandal, Yasmani,2018,30,440,518,.225,.220,88.9,14.0,11.9,40.4,57.5,19.8,67.1,42.6,19.1,
LeMahieu, DJ,2018,30,533,581,.152,.140,91.1,5.7,5.2,43.0,59.2,23.2,64.1,25.0,28.7,
Moustakas, Mike,2018,30,573,635,.208,.200,89.3,19.6,8.8,39.1,72.5,33.9,83.3,39.1,23.3,
Rizzo, Anthony,2018,29,566,665,.187,.175,89.9,14.4,6.5,40.5,67.7,29.4,73.3,41.8,20.4,
Stanton, Giancarlo,2018,29,617,705,.243,.224,93.7,11.6,15.1,50.5,66.4,28.7,72.8,35.1,24.8,
Galvis, Freddy,2018,29,602,656,.133,.120,87.5,13.2,3.9,28.5,67.4,34.8,72.2,35.3,24.2,
Perez, Salvador,2018,28,510,544,.204,.218,91.2,18.0,10.8,47.5,73.0,44.2,75.2,44.2,19.4,
Inciarte, Ender,2018,28,597,660,.116,.081,83.6,10.0,1.5,18.7,68.9,30.0,76.8,36.8,24.9,
Ozuna, Marcell,2018,28,582,628,.153,.206,91.5,10.8,9.7,44.9,72.2,27.7,83.5,38.0,21.6,
Villar, Jonathan,2018,27,466,515,.124,.123,87.2,2.7,5.1,36.0,71.5,26.9,81.9,33.2,26.0,
Aguilar, Jesus,2018,28,492,566,.264,.236,89.8,16.2,11.4,42.6,59.6,33.9,67.5,39.3,24.0,
Crawford, Brandon,2018,31,531,594,.139,.122,87.3,11.1,3.6,33.1,75.7,29.8,88.4,33.1,31.6,
Cron, C.J.,2018,28,501,560,.240,.231,88.0,15.2,12.2,36.6,69.6,34.9,77.6,43.5,20.8,
Hicks, Aaron,2018,29,480,581,.219,.197,88.9,12.5,8.8,43.0,64.6,18.0,79.9,38.7,17.8,
Hosmer, Eric,2018,29,613,677,.145,.136,88.8,-1.2,6.4,38.2,70.6,29.2,84.2,28.8,31.4,
Kipnis, Jason,2018,31,530,601,.158,.154,86.1,17.0,6.6,31.3,61.0,25.6,69.4,36.7,25.1,
Rendon, Anthony,2018,28,529,597,.227,.238,90.6,17.7,10.3,44.6,69.4,23.8,79.6,36.7,27.3,
Semien, Marcus,2018,28,632,703,.133,.132,86.6,15.3,4.5,32.1,64.4,23.5,76.1,42.4,22.2,
Shaw, Travis,2018,28,498,587,.239,.214,88.4,16.6,10.3,38.0,66.5,25.0,79.2,45.1,20.9,
Springer, George,2018,29,544,620,.169,.200,88.6,9.5,8.9,37.2,67.0,21.7,88.8,33.9,24.2,
Gordon, Dee,2018,30,556,588,.081,.050,80.6,3.5,0.2,12.5,67.2,38.5,76.2,29.2,29.4,
Gregorius, Didi,2018,28,504,569,.226,.137,86.5,15.6,4.7,30.6,74.6,32.7,76.9,38.0,23.8,
Trout, Mike,2018,27,471,608,.316,.300,91.2,18.6,16.5,46.2,57.7,18.1,71.1,39.0,22.5,
Herrera, Odubel,2018,27,550,597,.165,.120,86.3,12.3,4.9,31.6,67.9,37.7,72.4,36.7,27.9,
Harper, Bryce,2018,26,550,695,.247,.248,90.6,13.9,11.5,45.1,74.2,24.9,85.5,40.3,27.2,
Abreu, Jose,2018,31,499,553,.208,.213,91.3,12.2,9.1,44.9,64.9,34.9,72.6,35.6,21.0,
Suarez, Eugenio,2018,27,527,606,.243,.236,91.2,14.7,9.7,45.6,68.3,21.7,81.6,39.4,22.0,
Polanco, Gregory,2018,27,461,535,.245,.197,88.6,19.9,9.4,37.8,69.7,24.4,78.0,42.7,19.9,
Sanchez, Yolmer,2018,26,600,662,.130,.104,85.6,8.5,3.0,27.8,64.1,31.1,72.6,33.8,26.3,
Arenado, Nolan,2018,27,590,673,.264,.204,89.7,15.3,7.4,40.3,72.5,30.2,80.5,35.6,23.4,
Barnhart, Tucker,2018,27,460,522,.124,.110,85.9,11.7,3.5,30.3,69.0,24.2,76.9,41.6,24.3,
Gennett, Scooter,2018,28,584,638,.180,.144,86.7,13.3,5.8,31.9,73.2,35.6,82.1,37.7,27.8,
Hamilton, Billy,2018,28,504,556,.091,.039,79.3,14.3,0.5,8.5,67.0,26.3,82.4,33.7,32.4,
Haniger, Mitch,2018,28,596,683,.208,.218,90.2,12.7,10.3,43.0,61.2,22.4,67.7,41.3,19.8,
Piscotty, Stephen,2018,27,546,605,.223,.219,88.5,13.1,9.6,38.7,72.4,34.2,79.9,35.7,25.4,
Seager, Kyle,2018,31,583,630,.178,.167,89.7,18.4,5.6,39.6,67.9,27.3,82.7,41.9,19.8,
Carpenter, Matt,2018,33,564,677,.266,.273,89.6,20.4,13.7,44.7,57.3,18.4,72.9,47.6,21.2,
Dickerson, Corey,2018,29,504,533,.175,.164,87.8,14.8,6.1,31.7,79.1,41.5,83.2,31.3,32.9,
Dozier, Brian,2018,31,553,632,.175,.140,86.7,17.8,6.3,29.0,57.2,23.2,59.9,45.5,16.6,
Contreras, Willson,2018,26,474,544,.141,.133,87.0,6.8,7.3,33.3,68.7,31.2,82.0,37.3,26.9,
Castellanos, Nicholas,2018,26,620,678,.202,.228,89.6,15.2,11.2,40.5,77.0,35.5,89.7,41.7,24.4,
Healy, Ryon,2018,26,493,524,.176,.178,89.4,12.1,7.1,41.6,62.8,33.7,60.0,37.7,20.9,
Machado, Manny,2018,26,632,709,.241,.225,91.6,14.4,11.3,48.0,72.4,28.5,85.8,34.7,25.3,
Realmuto, J.T.,2018,27,477,531,.208,.198,88.9,14.4,9.0,41.0,66.8,26.0,75.0,42.4,21.2,
Rosario, Eddie,2018,27,559,592,.191,.178,87.3,17.4,8.3,33.9,77.3,41.6,79.7,40.6,22.5,
Simmons, Andrelton,2018,29,554,600,.125,.112,87.8,7.7,4.1,36.3,66.5,23.5,78.2,45.0,16.1,
Yelich, Christian,2018,27,574,651,.272,.241,92.3,4.7,12.9,50.8,64.6,24.9,81.3,31.3,24.5,
Merrifield, Whit,2018,29,632,707,.134,.144,86.5,16.6,4.6,31.2,67.5,28.6,75.4,32.1,31.4,
Bogaerts, Xander,2018,26,513,580,.234,.212,90.5,12.7,9.8,41.6,60.6,26.7,71.2,38.4,20.9,
Calhoun, Kole,2018,31,491,552,.161,.198,90.4,12.0,9.3,42.9,73.3,27.0,84.9,41.2,23.4,
Profar, Jurickson,2018,25,524,594,.204,.137,87.3,12.3,5.0,31.8,67.9,30.2,77.0,38.0,27.0,
Baez, Javier,2018,26,606,645,.264,.227,89.6,9.2,12.6,43.1,77.3,43.1,85.1,37.8,26.6,
Lindor, Francisco,2018,25,661,745,.242,.221,90.2,14.5,9.5,41.0,67.4,29.7,68.3,36.8,27.5,
Odor, Rougned,2018,24,474,535,.171,.160,87.8,11.7,7.1,38.1,64.4,32.3,68.3,42.1,18.4,
Story, Trevor,2018,26,598,656,.276,.242,90.8,15.7,12.7,46.0,73.0,28.4,81.2,40.3,23.0,
Kepler, Max,2018,25,532,611,.184,.168,89.5,16.2,6.6,38.0,64.8,20.9,68.9,41.9,23.9,
Bradley Jr., Jackie,2018,28,474,535,.169,.197,91.9,12.0,10.3,50.1,69.5,23.2,79.1,39.0,19.9,
Candelario, Jeimer,2018,25,539,619,.169,.139,87.1,15.3,6.0,33.3,61.3,25.6,66.7,43.2,22.7,
Ahmed, Nick,2018,28,516,564,.176,.128,86.5,11.3,5.1,30.0,71.2,29.7,81.5,35.1,25.7,
Anderson, Brian,2018,25,590,670,.127,.145,90.2,8.7,5.8,42.4,68.1,23.3,75.5,35.0,25.5,
Bell, Josh,2018,26,501,583,.150,.156,90.0,9.2,7.0,39.0,68.4,23.0,78.0,32.6,28.1,
Betts, Mookie,2018,26,520,614,.294,.295,92.2,18.3,14.1,50.2,56.5,16.2,61.0,43.3,16.8,
Smith, Mallex,2018,25,480,544,.110,.077,84.0,2.6,1.5,23.0,71.9,25.5,77.6,24.0,30.7,
Hernandez, Teoscar,2018,26,476,523,.229,.260,91.8,17.0,15.5,45.9,72.1,28.2,77.7,36.4,24.7,
Peraza, Jose,2018,24,632,683,.128,.099,83.9,13.4,2.5,23.6,66.1,32.6,66.0,32.5,28.8,
Marte, Ketel,2018,25,520,580,.177,.132,88.5,5.7,5.0,36.7,68.5,23.6,76.2,36.3,23.9,
Nimmo, Brandon,2018,25,433,535,.219,.152,89.5,10.5,6.5,42.1,62.2,15.9,80.2,42.7,22.2,
Turner, Trea,2018,25,664,740,.145,.135,87.8,8.3,5.8,38.4,64.1,22.9,72.9,37.8,22.3,
Pillar, Kevin,2018,29,512,542,.174,.150,87.1,16.5,5.7,36.4,66.8,41.7,76.7,38.8,25.7,
Ramirez, Jose,2018,26,578,698,.282,.206,88.9,18.8,8.5,35.1,60.7,19.7,73.7,47.8,18.1,
Bregman, Alex,2018,24,594,705,.246,.195,89.2,16.9,7.6,39.9,57.7,18.2,67.6,46.7,19.1,
Gallo, Joey,2018,25,500,577,.292,.306,93.9,21.6,22.5,49.1,72.4,29.2,87.7,43.7,22.2,
Mazara, Nomar,2018,23,489,536,.178,.180,90.5,5.3,8.5,43.1,62.8,32.2,72.1,33.2,25.3,
Andujar, Miguel,2018,23,573,606,.230,.161,89.2,12.3,6.3,36.5,72.1,36.0,73.9,42.7,22.7,
Swanson, Dansby,2018,24,478,533,.157,.127,86.8,12.9,4.1,34.0,69.6,30.7,78.7,38.9,25.5,
Taylor, Chris,2018,28,536,604,.190,.168,88.6,16.4,8.6,38.5,69.6,23.4,81.3,36.7,28.5,
Wendle, Joey,2018,28,487,545,.136,.107,88.4,10.3,2.7,35.2,61.0,33.9,62.5,32.0,28.5,
Olson, Matt,2018,24,580,660,.207,.240,93.1,17.8,12.2,52.2,68.7,20.9,80.1,42.7,23.2,
Duffy, Matt,2018,27,503,560,.072,.077,86.6,4.6,1.2,27.8,67.4,25.0,74.2,24.7,32.9,
Margot, Manuel,2018,24,477,519,.138,.113,88.7,11.4,3.3,36.7,64.9,24.3,77.7,34.0,23.2,
Camargo, Johan,2018,25,464,524,.185,.136,88.0,12.5,5.0,33.7,70.0,32.2,76.0,37.0,25.6,
Conforto, Michael,2018,25,543,638,.204,.183,87.9,11.9,9.5,36.8,64.5,24.2,74.6,40.2,26.3,
Anderson, Tim,2018,25,567,606,.166,.131,85.6,10.5,4.7,27.9,72.9,36.0,70.6,38.8,26.0,
Bellinger, Cody,2018,23,557,632,.210,.189,89.7,16.1,8.6,38.6,65.9,24.4,81.6,43.3,23.5,
Mancini, Trey,2018,26,582,636,.174,.182,89.9,5.4,11.8,42.2,68.0,31.5,83.5,31.8,26.5,
Rosario, Amed,2018,23,554,592,.125,.106,87.3,7.2,3.9,32.1,69.5,37.4,68.8,29.7,25.4,
Benintendi, Andrew,2018,24,579,661,.174,.168,88.4,12.6,6.4,33.1,69.9,24.0,85.2,35.5,28.0,
Albies, Ozzie,2018,21,639,684,.191,.149,86.3,15.5,4.7,29.4,81.6,32.4,88.3,38.9,24.1,
Chapman, Matt,2018,25,547,616,.230,.171,93.0,14.7,8.9,47.8,61.8,21.2,74.3,38.5,24.6,
Hoskins, Rhys,2018,25,558,660,.251,.225,88.9,22.4,11.4,39.2,59.9,19.5,66.5,47.0,19.1,
Schwarber, Kyle,2018,25,428,510,.229,.224,90.0,11.5,12.7,45.0,64.4,21.7,76.5,41.6,22.3,
Moncada, Yoan,2018,23,578,650,.164,.168,90.6,15.1,9.6,44.2,62.3,20.3,82.2,39.5,25.5,
Beltran, Carlos,2017,40,467,509,.152,.138,87.3,13.3,4.6,30.7,66.4,32.4,74.8,42.3,20.8,
Pujols, Albert,2017,37,593,636,.145,.182,88.7,13.4,5.4,38.6,64.2,32.0,72.5,37.9,18.8,
Mauer, Joe,2017,34,525,597,.112,.162,90.2,5.6,4.5,45.8,53.3,19.2,57.0,20.7,38.4,
Cabrera, Miguel,2017,34,469,529,.149,.242,91.3,12.2,10.5,47.9,73.0,30.3,77.5,27.6,32.9,
Phillips, Brandon,2017,36,572,604,.131,.109,84.5,8.0,2.4,25.2,75.4,39.3,74.5,28.3,33.9,
Reyes, Jose,2017,34,501,561,.168,.108,83.5,14.6,2.6,24.2,62.3,29.6,69.3,38.6,22.3,
Choo, Shin-Soo,2017,35,544,636,.162,.204,88.0,7.2,8.6,37.6,63.1,20.3,70.6,39.7,23.0,
Molina, Yadier,2017,35,501,543,.166,.191,87.8,14.5,5.9,34.3,70.6,33.1,70.4,38.0,23.8,
Cano, Robinson,2017,35,592,648,.172,.193,90.3,7.4,6.3,43.6,74.2,30.7,85.8,32.9,23.3,
Encarnacion, Edwin,2017,34,554,669,.245,.264,89.2,16.7,10.6,42.0,67.8,20.8,74.2,44.1,20.0,
Bautista, Jose,2017,37,587,686,.164,.169,88.3,16.9,6.6,35.6,62.8,22.7,68.5,35.1,22.2,
Jones, Adam,2017,32,597,635,.181,.172,86.5,11.6,6.4,30.2,79.4,41.4,84.4,35.0,29.1,
Granderson, Curtis,2017,36,449,527,.241,.227,87.5,20.2,10.9,34.6,58.1,19.7,65.3,44.4,18.2,
Ramirez, Hanley,2017,34,496,553,.188,.217,88.4,12.5,9.5,37.9,71.4,28.0,83.2,35.8,21.6,
Morales, Kendrys,2017,34,557,608,.196,.238,91.1,9.5,10.0,45.4,71.3,32.3,70.5,33.9,26.6,
Kinsler, Ian,2017,35,551,613,.176,.176,86.2,19.3,4.9,30.1,63.8,24.8,74.7,36.6,27.3,
Cruz, Nelson,2017,37,556,645,.261,.301,93.2,12.4,14.2,48.3,70.2,27.8,81.0,34.5,22.7,
Trumbo, Mark,2017,31,559,603,.163,.159,89.6,12.6,7.1,37.5,71.4,31.4,75.7,32.1,23.4,
Peralta, David,2017,30,525,577,.150,.131,88.0,4.2,4.1,35.0,70.5,28.6,83.2,24.2,29.0,
Escobar, Alcides,2017,31,599,629,.107,.099,83.1,12.7,2.2,20.8,72.2,34.8,78.7,33.7,27.4,
Longoria, Evan,2017,32,613,677,.163,.162,86.7,12.7,5.2,32.2,68.7,32.1,75.0,36.0,26.2,
Cozart, Zack,2017,32,438,507,.251,.145,85.8,14.7,4.4,28.9,61.0,21.5,66.9,45.6,16.8,
Reynolds, Mark,2017,34,520,593,.219,.195,87.1,11.9,8.3,35.9,67.1,22.7,78.7,38.2,22.4,
Davis, Chris,2017,31,456,524,.208,.226,89.9,14.8,12.8,45.1,58.9,27.3,67.1,40.0,23.4,
Headley, Chase,2017,33,512,586,.133,.139,86.7,11.3,4.6,33.2,66.1,24.0,76.9,32.7,28.6,
Pence, Hunter,2017,34,493,539,.126,.163,89.0,4.4,5.8,37.6,65.0,28.2,77.6,22.0,29.4,
Span, Denard,2017,33,497,542,.155,.123,84.6,10.3,3.3,25.1,63.8,23.2,70.2,40.2,24.0,
Cabrera, Asdrubal,2017,32,479,540,.154,.167,86.7,11.3,4.7,32.5,70.0,25.2,84.1,41.3,21.6,
Blackmon, Charlie,2017,31,644,725,.270,.228,86.9,12.8,8.7,35.8,63.9,27.2,76.9,39.8,24.7,
Frazier, Todd,2017,31,474,576,.215,.221,87.5,20.3,9.6,30.3,59.8,22.3,71.5,44.4,20.6,
Markakis, Nick,2017,34,593,670,.110,.114,88.3,8.6,3.3,34.4,59.1,23.2,73.9,26.7,30.9,
Cain, Lorenzo,2017,31,584,645,.140,.126,89.1,10.1,3.5,35.1,71.8,26.3,80.3,27.8,27.2,
McCutchen, Andrew,2017,31,570,650,.207,.198,88.4,14.2,7.7,38.7,68.3,20.6,81.4,38.9,20.4,
Upton, Justin,2017,30,557,635,.268,.250,88.7,15.7,13.2,40.7,64.8,24.1,79.0,36.5,25.7,
Turner, Justin,2017,33,457,543,.208,.248,89.3,18.3,8.6,38.3,67.6,21.5,76.7,34.2,26.2,
Posey, Buster,2017,30,494,568,.142,.164,88.7,11.6,3.5,34.5,66.2,23.3,80.1,34.4,24.0,
Bruce, Jay,2017,30,555,617,.254,.246,88.4,18.2,10.7,38.5,72.8,29.5,84.3,43.4,20.3,
Votto, Joey,2017,34,559,707,.258,.259,87.6,14.0,9.1,32.8,70.3,13.3,86.2,33.6,30.3,
Gardner, Brett,2017,34,594,682,.163,.132,85.4,9.2,3.8,30.8,52.0,21.4,57.3,30.8,27.1,
Joyce, Matt,2017,33,469,544,.230,.224,88.1,15.2,8.8,34.4,66.6,18.9,83.3,39.1,24.0,
Gordon, Alex,2017,33,476,541,.107,.136,85.8,13.2,4.5,31.2,69.6,25.2,76.8,40.2,22.2,
Andrus, Elvis,2017,29,643,689,.174,.139,86.4,7.5,4.2,31.1,62.9,31.6,69.9,37.1,19.2,
Cabrera, Melky,2017,33,620,666,.137,.130,88.2,8.7,3.8,35.0,63.3,30.8,63.8,35.0,25.1,
Santana, Carlos,2017,31,571,667,.196,.201,88.4,12.7,7.5,38.6,61.0,19.7,76.6,43.8,17.3,
Gonzalez, Carlos,2017,32,470,534,.162,.130,87.4,6.1,5.9,36.7,71.3,31.7,76.2,33.6,19.0,
Mercer, Jordy,2017,31,502,558,.151,.119,85.7,9.2,3.1,32.2,61.1,23.7,71.8,36.8,21.6,
Alonso, Yonder,2017,30,451,521,.235,.238,89.2,19.4,9.9,40.8,72.3,25.8,83.2,38.1,25.2,
Smoak, Justin,2017,31,560,637,.259,.292,89.7,17.0,13.6,42.7,65.7,24.0,73.3,35.5,24.0,
Zimmerman, Ryan,2017,33,524,576,.269,.271,91.4,8.5,12.7,48.7,61.7,29.3,68.2,30.0,28.8,
Lowrie, Jed,2017,33,567,645,.171,.193,88.8,18.6,6.0,37.1,74.4,22.0,89.4,36.2,28.1,
Morrison, Logan,2017,30,512,601,.270,.256,88.6,17.6,12.8,42.5,69.5,25.0,81.4,42.6,18.0,
Gurriel, Yuli,2017,33,529,564,.187,.150,89.8,10.3,3.4,43.1,69.0,30.3,72.6,35.1,21.8,
Solarte, Yangervis,2017,30,466,512,.161,.135,85.5,14.5,3.9,27.5,71.8,33.6,81.6,36.9,22.5,
Freese, David,2017,34,426,503,.108,.137,89.0,3.0,6.4,42.9,61.7,24.1,73.0,19.4,32.5,
Davis, Khris,2017,30,566,652,.281,.316,92.2,14.2,17.7,51.9,75.0,21.7,89.7,30.4,26.5,
Pham, Tommy,2017,29,444,530,.214,.198,89.2,6.5,9.3,43.1,59.5,16.1,70.6,26.8,26.5,
Reddick, Josh,2017,30,477,540,.170,.149,87.2,17.5,3.8,31.3,64.2,27.6,74.5,34.2,29.9,
Murphy, Daniel,2017,32,534,593,.221,.192,89.6,17.3,4.8,41.6,66.6,30.5,75.4,37.6,25.0,
Goldschmidt, Paul,2017,30,558,665,.265,.273,91.4,11.6,13.3,47.3,62.1,22.9,73.8,35.4,23.4,
Gonzalez, Marwin,2017,28,455,515,.226,.160,87.5,10.9,6.6,36.3,61.2,26.5,65.4,35.5,25.2,
Altuve, Jose,2017,27,590,662,.202,.185,85.5,9.1,6.7,27.6,67.5,31.7,71.5,36.2,25.6,
Hernandez, Cesar,2017,27,511,577,.127,.118,84.3,3.3,2.9,29.7,60.3,20.1,70.3,30.9,26.2,
Segura, Jean,2017,27,524,566,.128,.127,87.4,6.6,3.2,34.2,66.4,31.7,80.0,26.0,28.3,
Freeman, Freddie,2017,28,440,514,.280,.299,89.6,15.8,13.3,42.1,82.1,29.0,88.6,34.0,28.8,
LeMahieu, DJ,2017,29,609,682,.099,.096,88.8,2.8,1.9,41.2,58.4,22.1,70.1,18.2,39.1,
Moreland, Mitch,2017,32,508,576,.197,.257,89.1,11.5,12.0,36.3,69.2,27.3,81.3,32.6,25.2,
Moustakas, Mike,2017,29,555,598,.249,.221,87.3,18.3,8.6,33.5,75.6,39.0,85.8,41.8,21.8,
Rizzo, Anthony,2017,28,572,691,.234,.233,88.1,15.3,9.3,38.7,66.7,27.8,72.4,42.0,20.8,
Souza Jr., Steven,2017,28,523,617,.220,.208,88.0,10.9,11.5,37.9,69.1,21.3,85.5,43.8,20.2,
Stanton, Giancarlo,2017,28,597,692,.350,.306,91.9,11.1,17.4,45.4,66.4,24.4,75.1,38.7,20.1,
Thames, Eric,2017,31,469,551,.271,.225,88.1,12.7,11.1,38.9,66.7,23.9,79.9,37.3,26.8,
Galvis, Freddy,2017,28,608,663,.127,.120,85.1,14.0,2.4,23.3,66.7,31.6,75.1,33.8,31.6,
Garcia, Avisail,2017,26,518,561,.176,.211,90.3,7.5,8.8,40.8,83.4,37.7,91.0,34.8,21.8,
Inciarte, Ender,2017,27,662,718,.106,.080,81.2,8.6,0.5,12.9,70.0,35.0,78.8,26.3,31.1,
Ozuna, Marcell,2017,27,613,679,.237,.228,90.7,10.1,9.3,45.2,72.7,30.0,76.9,33.1,23.4,
Beckham, Tim,2017,27,533,575,.176,.186,87.8,8.4,9.5,39.8,70.9,30.3,80.7,39.4,22.0,
Crawford, Brandon,2017,30,518,570,.151,.160,87.4,11.4,6.0,33.5,76.0,28.5,84.9,34.1,28.0,
Harrison, Josh,2017,30,486,542,.160,.140,84.1,15.7,2.7,23.9,72.6,32.6,82.4,40.9,23.7,
Hosmer, Eric,2017,28,603,671,.179,.164,89.7,3.8,7.0,39.0,69.6,26.9,82.1,26.5,33.5,
Rendon, Anthony,2017,27,508,605,.232,.205,89.8,18.0,6.5,37.9,61.7,18.7,72.0,37.7,28.9,
Shaw, Travis,2017,27,538,606,.240,.186,88.3,14.6,7.2,38.9,66.5,27.4,73.7,37.1,25.7,
Springer, George,2017,28,548,629,.239,.235,89.3,9.4,9.3,42.6,68.0,22.1,86.8,34.0,26.5,
Gordon, Dee,2017,29,653,695,.067,.048,79.3,0.2,0.2,11.0,67.4,34.8,73.8,21.7,31.8,
Gregorius, Didi,2017,27,534,570,.191,.123,84.4,17.4,3.6,20.8,81.4,37.8,82.7,36.1,22.1,
Trout, Mike,2017,26,402,507,.323,.294,88.8,18.0,13.3,39.2,58.9,18.8,75.5,37.0,23.7,
Herrera, Odubel,2017,26,526,563,.171,.145,86.5,8.9,6.2,32.1,70.7,38.0,74.1,29.1,31.8,
Abreu, Jose,2017,30,621,675,.248,.230,90.5,11.3,9.5,45.0,67.4,30.4,67.0,35.0,27.1,
Suarez, Eugenio,2017,26,534,632,.200,.180,86.2,14.7,6.9,32.0,64.3,21.6,72.4,39.5,26.3,
Santana, Domingo,2017,25,525,607,.227,.198,89.3,10.5,9.7,40.0,70.4,24.2,83.4,33.4,28.0,
Sanchez, Yolmer,2017,25,484,534,.147,.112,83.8,9.3,3.4,24.5,67.1,32.7,70.7,29.4,29.4,
Schoop, Jonathan,2017,26,622,675,.211,.167,87.7,12.9,6.8,36.1,75.2,32.9,85.6,39.6,20.1,
Arenado, Nolan,2017,26,606,680,.277,.243,88.8,17.3,8.5,37.5,71.1,28.0,75.6,33.1,27.6,
Hamilton, Billy,2017,27,582,633,.088,.044,78.6,8.3,0.4,11.2,63.3,26.3,70.9,34.2,25.2,
Joseph, Tommy,2017,26,495,533,.192,.164,89.1,14.0,7.3,40.3,67.6,34.4,72.8,39.3,22.0,
Lamb, Jake,2017,27,536,635,.239,.209,88.3,12.2,9.3,36.3,60.4,20.4,69.1,39.1,24.4,
Myers, Wil,2017,27,567,649,.220,.200,89.1,15.3,9.1,44.6,64.8,25.1,73.9,38.6,20.3,
Seager, Kyle,2017,30,578,650,.201,.221,87.8,20.2,8.6,33.7,62.2,23.4,69.8,37.6,23.8,
Carpenter, Matt,2017,32,497,622,.209,.229,88.9,21.4,8.2,37.0,55.0,14.0,70.8,45.9,22.7,
Dickerson, Corey,2017,28,588,629,.207,.184,87.2,13.8,7.5,31.2,78.6,42.7,88.6,30.4,28.8,
Dozier, Brian,2017,30,617,705,.227,.227,87.5,16.5,8.4,34.4,59.2,25.6,71.6,44.6,16.5,
Bryant, Kris,2017,25,549,665,.242,.234,87.1,16.9,9.6,36.4,71.0,24.3,85.2,36.1,22.2,
Castellanos, Nicholas,2017,25,614,665,.218,.252,89.1,14.1,10.7,41.8,73.1,31.8,77.6,34.8,25.6,
Gamel, Ben,2017,25,509,550,.138,.123,86.2,10.7,4.1,29.2,62.2,26.5,71.5,32.7,29.9,
Healy, Ryon,2017,25,576,605,.181,.193,88.2,12.6,7.6,40.3,62.0,33.8,64.7,35.8,23.6,
Judge, Aaron,2017,25,542,678,.343,.364,94.9,15.8,25.7,54.7,66.1,22.8,83.7,39.1,26.3,
Machado, Manny,2017,25,630,690,.213,.235,90.9,13.4,10.5,47.3,71.6,29.5,84.2,37.6,23.9,
Realmuto, J.T.,2017,26,532,579,.173,.162,88.2,9.9,6.3,35.6,67.0,28.3,70.7,39.9,18.6,
Rosario, Eddie,2017,26,542,589,.218,.208,86.6,12.7,7.4,31.7,75.2,36.7,86.7,32.1,24.3,
Simmons, Andrelton,2017,28,589,647,.143,.115,85.9,7.6,2.5,28.7,66.0,26.3,81.4,38.1,21.9,
Yelich, Christian,2017,26,602,695,.156,.166,90.4,4.7,7.0,46.1,64.0,23.0,77.8,27.0,28.7,
Merrifield, Whit,2017,28,587,630,.172,.177,87.0,15.8,5.1,29.4,68.2,32.0,74.2,30.6,31.4,
Bogaerts, Xander,2017,25,571,635,.130,.085,87.3,8.2,1.3,30.2,54.9,29.2,60.8,31.7,24.1,
Polanco, Jorge,2017,24,488,544,.154,.119,83.6,14.8,2.6,25.3,61.4,23.5,69.7,39.7,22.5,
Calhoun, Kole,2017,30,569,654,.148,.160,88.2,12.1,5.4,35.0,70.5,28.8,85.4,41.0,23.1,
Duvall, Adam,2017,29,587,647,.232,.197,87.3,21.2,8.9,32.6,66.5,31.4,73.8,42.8,25.5,
Schebler, Scott,2017,27,473,531,.252,.229,88.8,11.3,10.2,40.8,75.9,32.6,87.2,39.7,21.2,
Baez, Javier,2017,25,469,508,.207,.185,86.9,9.2,8.4,34.7,72.8,42.7,88.7,35.4,22.5,
Lindor, Francisco,2017,24,651,723,.232,.221,88.3,13.6,7.2,35.6,67.6,28.7,72.5,36.9,26.1,
Odor, Rougned,2017,23,607,651,.193,.173,88.4,15.2,6.0,36.4,71.6,37.0,79.1,45.7,18.7,
Story, Trevor,2017,25,503,555,.219,.187,88.9,18.8,10.5,38.3,68.9,26.7,77.0,33.9,24.0,
Sanchez, Gary,2017,25,471,525,.253,.251,90.8,13.2,11.8,42.9,66.1,32.5,68.1,44.8,15.2,
Kepler, Max,2017,24,511,568,.182,.129,88.3,12.7,4.0,36.7,60.4,26.8,63.2,39.9,24.4,
Franco, Maikel,2017,25,575,623,.179,.151,88.9,11.4,6.0,36.2,74.8,28.2,87.8,40.4,22.5,
Bradley Jr., Jackie,2017,27,482,541,.158,.167,88.1,9.4,7.5,39.4,67.1,25.8,80.7,32.2,24.2,
Bell, Josh,2017,25,549,620,.211,.171,87.7,8.6,6.7,34.1,66.8,24.1,81.9,36.5,28.9,
Betts, Mookie,2017,25,628,712,.194,.161,88.4,14.1,4.5,37.9,53.3,19.3,60.1,38.3,19.5,
Panik, Joe,2017,27,511,573,.133,.116,84.5,11.3,2.6,23.8,64.2,23.3,80.1,34.2,28.0,
Arcia, Orlando,2017,23,506,548,.130,.111,85.3,6.2,4.1,27.6,74.3,34.5,78.5,28.2,25.5,
Peraza, Jose,2017,23,487,518,.066,.076,81.9,9.9,1.7,20.0,67.7,33.8,73.0,29.5,27.8,
Pillar, Kevin,2017,28,587,632,.148,.129,85.5,12.8,3.4,28.4,67.4,36.9,72.6,37.8,24.5,
Ramirez, Jose,2017,25,585,645,.265,.182,88.0,14.8,5.0,34.7,65.9,23.1,77.1,42.8,21.7,
Bregman, Alex,2017,23,556,626,.191,.167,87.4,16.2,4.7,33.8,65.9,24.1,78.7,39.8,21.2,
Gallo, Joey,2017,24,449,532,.327,.331,93.1,22.7,22.1,52.2,72.7,28.2,88.5,50.2,20.2,
Seager, Corey,2017,23,539,613,.184,.220,89.7,11.1,8.5,43.8,78.4,25.6,92.1,31.9,28.7,
Mazara, Nomar,2017,22,554,616,.170,.172,89.0,11.3,6.5,36.8,65.2,31.0,73.9,31.4,25.8,
Swanson, Dansby,2017,23,488,551,.092,.095,86.8,8.4,3.0,31.8,66.2,24.7,79.4,37.9,25.3,
Taylor, Chris,2017,27,514,568,.208,.177,86.8,11.8,7.8,33.6,68.2,21.9,82.2,33.5,27.3,
Buxton, Byron,2017,24,462,511,.160,.145,85.0,11.8,5.6,32.3,64.6,31.3,74.0,42.9,17.6,
Margot, Manuel,2017,23,487,529,.146,.108,84.5,10.1,2.6,29.3,62.9,26.8,74.5,22.5,32.9,
Puig, Yasiel,2017,27,499,570,.224,.216,88.4,10.6,9.4,36.8,69.5,26.2,85.1,40.6,23.8,
Anderson, Tim,2017,24,587,606,.145,.136,85.0,7.1,5.1,30.4,70.1,39.8,79.4,37.4,22.2,
Bellinger, Cody,2017,22,480,548,.315,.278,89.6,16.5,12.2,45.7,67.7,23.2,78.7,38.6,22.3,
Mancini, Trey,2017,25,543,586,.195,.214,88.6,7.2,9.8,40.1,73.4,31.2,83.2,31.6,27.2,
Benintendi, Andrew,2017,23,573,658,.154,.167,87.1,14.2,5.5,33.2,65.0,25.2,77.5,28.7,27.9,
Hunter, Torii,2015,40,521,567,.169,.139,88.1,10.1,5.0,34.7,72.3,34.1,80.4,34.4,24.5,
Ortiz, David,2015,40,528,614,.280,.312,92.9,15.6,13.1,48.9,70.5,26.5,76.9,41.9,21.7,
Rodriguez, Alex,2015,40,523,620,.235,.243,91.3,12.1,10.9,43.4,67.3,24.3,75.3,38.4,17.4,
Ramirez, Aramis,2015,37,475,516,.177,.162,87.4,15.8,5.6,34.2,73.5,34.4,78.2,36.9,24.8,
Beltre, Adrian,2015,36,567,619,.166,.186,89.5,12.8,5.5,40.2,62.1,35.4,64.7,35.3,23.3,
Beltran, Carlos,2015,38,478,531,.195,.171,90.6,15.4,5.8,41.6,65.4,28.8,80.0,41.4,20.1,
Rollins, Jimmy,2015,37,517,563,.133,.100,84.5,14.8,2.5,23.1,65.6,24.7,79.3,46.0,21.2,
Pujols, Albert,2015,35,602,661,.236,.213,90.6,13.8,7.9,38.3,62.9,29.3,67.5,43.5,19.5,
Byrd, Marlon,2015,38,506,544,.206,.188,86.4,11.8,8.5,30.6,81.4,41.9,84.6,36.6,27.6,
Mauer, Joe,2015,32,592,666,.115,.146,89.0,3.7,3.7,39.9,57.2,25.3,67.2,28.2,32.1,
Cabrera, Miguel,2015,32,429,511,.196,.268,93.6,12.3,10.6,53.0,68.2,27.2,78.1,33.2,32.4,
Gonzalez, Adrian,2015,33,571,643,.205,.217,88.6,14.0,8.1,36.8,73.5,32.2,83.1,37.0,28.3,
Phillips, Brandon,2015,34,588,623,.100,.095,86.0,10.2,2.3,25.8,73.8,35.2,74.6,32.4,30.5,
Reyes, Jose,2015,32,481,519,.104,.052,83.1,11.5,0.2,18.6,66.3,35.4,69.0,39.4,20.2,
Peralta, Jhonny,2015,33,579,640,.136,.158,88.1,12.9,5.1,33.5,74.4,28.8,82.4,39.7,23.0,
Choo, Shin-Soo,2015,33,555,653,.187,.191,90.4,7.3,8.7,44.1,62.7,22.6,74.0,41.2,21.7,
Molina, Yadier,2015,33,488,530,.080,.088,86.3,10.0,2.3,25.3,73.9,33.9,82.3,33.0,29.8,
Fielder, Prince,2015,31,613,693,.158,.177,90.8,9.8,6.4,44.3,70.4,32.2,77.5,32.1,27.9,
Cano, Robinson,2015,33,624,674,.159,.175,91.0,5.6,7.1,45.5,71.5,31.7,79.1,33.0,22.8,
Encarnacion, Edwin,2015,32,528,624,.280,.263,90.2,16.8,10.7,44.3,64.4,23.2,81.1,46.1,18.4,
Howard, Ryan,2015,36,467,503,.214,.245,91.2,14.6,11.7,45.5,76.2,37.2,86.4,46.4,19.6,
Bautista, Jose,2015,35,543,666,.285,.249,92.0,16.7,12.6,45.6,61.6,19.6,65.5,49.2,18.4,
Jones, Adam,2015,30,546,581,.205,.206,87.9,11.2,9.2,34.7,80.3,43.7,85.0,42.1,20.4,
Aybar, Erick,2015,31,597,638,.069,.069,83.1,4.1,0.9,19.0,66.6,37.7,68.6,36.4,21.6,
Martin, Russell,2015,32,441,507,.218,.175,88.7,9.0,8.2,39.4,59.2,20.6,75.3,32.9,27.9,
Granderson, Curtis,2015,34,580,682,.198,.200,89.3,18.1,8.3,40.2,58.4,19.2,62.1,45.3,21.5,
Pagan, Angel,2015,34,512,551,.070,.077,86.3,11.1,0.9,22.1,60.5,23.5,65.0,30.4,28.2,
Morales, Kendrys,2015,32,569,639,.195,.215,91.8,10.1,8.9,47.7,71.0,30.2,77.6,37.2,23.8,
Kinsler, Ian,2015,33,624,675,.131,.111,85.6,17.4,2.9,26.2,67.0,25.9,78.5,40.6,25.7,
McCann, Brian,2015,31,465,535,.204,.165,89.0,17.1,5.6,36.0,56.2,30.1,66.9,46.7,18.7,
Walker, Neil,2015,30,543,603,.158,.163,88.7,13.8,4.8,37.4,71.8,30.5,79.7,37.0,24.5,
Desmond, Ian,2015,30,583,641,.151,.142,89.6,5.1,7.1,40.9,67.3,32.8,77.7,31.8,27.6,
Cruz, Nelson,2015,35,590,655,.264,.251,92.4,9.6,14.1,47.1,69.7,30.8,72.8,34.7,25.5,
Trumbo, Mark,2015,29,508,545,.187,.186,91.9,13.0,9.8,42.7,69.6,36.0,78.8,33.7,30.0,
Peralta, David,2015,28,462,517,.210,.165,91.3,5.9,7.7,42.5,67.1,30.9,78.4,38.4,20.7,
Escobar, Alcides,2015,29,612,662,.064,.062,83.5,8.3,0.9,16.1,67.3,34.7,72.6,28.6,29.8,
Prado, Martin,2015,32,500,551,.106,.096,88.9,8.8,2.3,33.3,51.8,25.2,57.1,29.3,27.9,
Duda, Lucas,2015,29,471,554,.242,.245,91.7,19.7,11.6,42.0,62.9,27.3,76.2,37.8,25.9,
Longoria, Evan,2015,30,604,670,.166,.201,89.6,15.4,8.5,39.4,65.0,29.5,74.2,37.7,25.6,
Davis, Chris,2015,29,573,670,.300,.326,91.8,17.3,17.6,46.2,69.9,28.6,81.0,54.9,17.3,
Zobrist, Ben,2015,34,467,535,.173,.123,88.5,8.2,3.8,34.6,55.1,21.2,65.9,43.8,23.8,
Fowler, Dexter,2015,29,596,690,.161,.114,86.4,11.8,4.7,29.8,66.7,18.7,80.0,40.5,24.4,
Headley, Chase,2015,31,580,642,.110,.137,86.6,11.8,5.1,32.5,64.6,22.7,79.3,42.1,20.0,
Lind, Adam,2015,32,502,572,.183,.171,89.5,11.0,7.2,35.8,60.8,32.2,65.6,33.1,26.9,
Cabrera, Asdrubal,2015,30,505,551,.164,.155,87.3,16.2,5.4,32.3,72.5,36.8,79.3,45.4,24.2,
Tulowitzki, Troy,2015,31,486,534,.160,.156,89.8,12.6,5.3,40.7,62.9,28.4,74.4,46.5,20.2,
Blackmon, Charlie,2015,29,614,682,.163,.125,85.5,13.5,3.9,28.8,58.7,27.3,63.5,42.3,22.3,
Frazier, Todd,2015,29,619,678,.242,.211,89.2,18.4,9.2,38.6,73.5,34.7,81.3,43.1,21.2,
Markakis, Nick,2015,32,612,686,.080,.075,88.3,6.8,0.8,33.6,60.3,25.6,69.4,27.9,31.3,
Butler, Billy,2015,29,538,601,.139,.190,89.3,8.9,7.5,40.1,60.4,28.9,73.2,34.7,31.3,
Cain, Lorenzo,2015,29,551,604,.171,.164,90.0,9.5,5.5,38.1,67.4,32.6,72.8,32.2,28.4,
McCutchen, Andrew,2015,29,566,685,.196,.232,90.7,13.9,9.3,44.1,68.1,21.4,84.5,36.7,23.1,
Jackson, Austin,2015,28,491,527,.118,.113,88.7,6.8,3.8,39.8,61.7,24.6,68.6,29.8,26.6,
Upton, Justin,2015,28,542,620,.203,.203,90.0,16.1,10.8,39.2,67.0,22.7,77.3,36.3,24.0,
Maybin, Cameron,2015,28,505,555,.103,.090,87.7,1.9,2.7,35.6,60.6,25.5,74.4,33.2,28.0,
Posey, Buster,2015,28,557,623,.153,.187,89.0,10.9,6.3,37.1,69.7,26.9,82.0,34.6,28.9,
Bruce, Jay,2015,28,580,649,.209,.203,89.6,15.0,8.6,37.4,73.2,30.6,80.2,43.5,24.1,
Votto, Joey,2015,32,545,695,.228,.249,89.6,10.7,10.9,42.0,61.2,16.5,71.7,33.3,26.9,
Coghlan, Chris,2015,30,440,503,.193,.159,87.9,10.4,5.7,33.0,66.8,21.3,77.9,40.2,27.0,
Gardner, Brett,2015,32,571,656,.140,.135,86.8,8.9,4.5,34.5,54.4,21.5,59.1,32.0,31.1,
Braun, Ryan,2015,32,506,568,.213,.218,92.1,7.5,10.7,45.4,68.9,35.7,76.0,30.7,28.4,
Moss, Brandon,2015,32,469,526,.181,.232,89.0,19.4,12.0,39.8,70.9,30.9,85.8,45.7,20.4,
Kemp, Matt,2015,31,596,648,.178,.195,89.5,11.8,8.3,40.3,69.7,34.6,81.6,38.9,21.9,
Plouffe, Trevor,2015,29,573,632,.190,.190,89.4,13.1,7.9,39.4,64.3,24.3,72.4,39.4,22.7,
Andrus, Elvis,2015,27,596,661,.099,.081,85.3,8.1,1.5,27.1,58.2,24.9,67.0,40.0,25.8,
Cervelli, Francisco,2015,29,451,510,.106,.133,87.5,6.1,4.1,35.4,62.1,19.1,70.8,33.4,27.6,
Cabrera, Melky,2015,31,629,683,.121,.093,89.4,9.5,2.4,36.0,61.8,32.9,67.2,34.5,28.2,
Sandoval, Pablo,2015,29,470,505,.121,.122,88.0,9.5,4.8,33.8,74.5,46.9,75.6,30.0,29.0,
Ramos, Wilson,2015,28,475,504,.128,.163,90.5,4.5,6.5,44.2,72.6,33.8,86.8,32.2,25.9,
Santana, Carlos,2015,29,550,666,.164,.162,89.0,12.3,7.2,39.7,57.1,18.9,68.9,49.7,17.6,
Parra, Gerardo,2015,28,547,589,.161,.128,86.9,8.2,3.2,29.7,72.5,37.9,83.2,36.0,25.9,
Gonzalez, Carlos,2015,30,554,608,.269,.209,89.8,8.2,11.0,38.3,77.1,36.0,86.8,36.9,23.1,
Belt, Brandon,2015,27,492,556,.197,.226,89.5,15.3,10.0,42.1,81.0,25.5,93.7,35.8,27.8,
Brantley, Michael,2015,28,529,596,.170,.130,88.7,8.8,3.9,36.0,63.6,22.0,75.0,40.2,25.9,
Escobar, Yunel,2015,33,535,591,.101,.119,89.5,3.9,3.4,36.1,72.5,26.4,82.2,33.8,26.1,
Morrison, Logan,2015,28,457,511,.158,.168,89.1,10.6,6.9,37.5,69.2,28.6,80.5,37.5,23.5,
Cespedes, Yoenis,2015,30,633,676,.251,.245,92.0,12.2,11.3,45.0,62.4,36.5,76.5,39.6,20.7,
Ramirez, Alexei,2015,34,583,622,.108,.076,84.6,8.4,1.5,22.0,66.0,31.3,79.4,35.6,20.1,
Solarte, Yangervis,2015,28,526,571,.158,.110,87.7,11.4,2.1,31.2,67.5,30.6,73.9,42.1,19.4,
Martinez, J.D.,2015,28,596,657,.253,.310,91.2,16.0,17.6,48.5,74.1,33.3,83.9,38.7,24.5,
Reddick, Josh,2015,28,526,582,.177,.146,88.4,14.7,5.0,33.0,64.7,26.7,69.8,35.6,28.9,
Murphy, Daniel,2015,30,499,538,.168,.173,90.0,12.2,5.1,38.3,70.1,31.5,71.5,37.3,27.6,
Goldschmidt, Paul,2015,28,567,695,.249,.271,92.0,13.0,12.5,46.1,59.2,20.3,71.5,28.8,30.3,
Altuve, Jose,2015,25,638,689,.146,.116,85.8,10.5,3.1,28.8,70.5,34.1,80.4,39.8,19.3,
Segura, Jean,2015,25,560,584,.079,.072,86.5,4.0,1.3,26.3,69.2,36.3,76.9,22.9,36.7,
Castro, Starlin,2015,25,547,578,.110,.122,86.2,6.9,4.3,28.0,64.8,32.7,72.4,35.6,20.6,
Marte, Starling,2015,27,579,633,.157,.172,86.4,4.7,6.9,35.3,75.2,38.1,84.3,39.9,22.6,
Donaldson, Josh,2015,30,620,711,.271,.261,92.1,10.0,12.2,46.3,68.8,23.0,82.2,34.7,23.6,
Heyward, Jason,2015,26,547,610,.146,.108,89.2,4.6,2.8,35.0,61.0,24.0,61.0,39.8,24.3,
LeMahieu, DJ,2015,27,564,620,.087,.103,90.0,2.8,2.2,39.6,61.9,23.3,71.7,19.0,39.4,
Moreland, Mitch,2015,30,471,515,.204,.232,91.4,11.5,10.7,45.3,66.8,29.7,71.2,40.9,23.4,
Moustakas, Mike,2015,27,549,614,.186,.172,88.6,14.2,6.6,36.5,64.3,31.3,70.6,38.0,27.8,
Norris, Derek,2015,26,515,557,.153,.102,87.1,14.1,2.3,34.8,62.3,24.5,70.7,41.6,21.8,
Revere, Ben,2015,27,592,634,.071,.054,82.1,3.9,0.0,14.2,56.8,28.3,56.0,34.3,24.4,
Rizzo, Anthony,2015,26,586,701,.234,.221,88.4,17.3,8.0,38.1,67.0,31.0,77.9,40.6,22.7,
Vogt, Stephen,2015,31,445,511,.182,.148,86.9,16.1,5.6,30.3,56.8,29.0,63.8,39.0,26.4,
Galvis, Freddy,2015,26,559,603,.081,.093,84.2,11.4,2.4,22.1,63.1,38.9,70.2,33.4,28.5,
Perez, Salvador,2015,25,531,553,.166,.143,87.3,13.4,5.3,32.2,67.6,41.7,68.1,42.7,20.7,
Forsythe, Logan,2015,28,540,615,.163,.136,88.2,15.1,3.4,31.5,57.0,22.4,66.7,36.6,24.6,
Flores, Wilmer,2015,24,483,510,.145,.107,86.3,13.8,2.1,25.5,66.1,29.0,73.3,34.9,25.7,
Garcia, Avisail,2015,24,553,601,.108,.130,88.5,6.3,4.8,37.5,78.9,42.7,82.7,31.0,24.0,
Inciarte, Ender,2015,25,524,561,.105,.067,84.2,5.5,1.1,19.5,59.4,33.4,65.2,31.3,31.3,
Burns, Billy,2015,26,520,555,.098,.043,82.2,7.0,0.5,14.0,78.6,36.4,89.0,27.4,35.1,
Crawford, Brandon,2015,28,507,561,.205,.220,89.7,8.2,8.9,42.9,74.7,32.1,83.6,37.0,23.7,
Giavotella, Johnny,2015,28,453,502,.104,.073,84.6,8.8,1.0,19.6,62.2,26.1,73.7,33.5,25.2,
Gose, Anthony,2015,25,485,535,.113,.079,85.8,4.9,2.3,30.1,68.6,29.3,71.2,29.8,34.5,
Hosmer, Eric,2015,26,599,667,.162,.175,89.0,5.5,7.3,40.8,64.0,30.9,68.7,34.7,27.5,
Kipnis, Jason,2015,28,565,641,.149,.138,88.7,8.2,3.0,38.0,60.9,25.2,66.5,33.5,28.6,
Lawrie, Brett,2015,25,562,602,.148,.141,89.6,7.1,4.7,39.1,62.6,34.8,70.2,32.0,25.4,
Semien, Marcus,2015,25,556,601,.147,.138,87.0,13.4,4.5,28.9,61.4,24.0,75.4,38.3,25.4,
Gordon, Dee,2015,27,615,653,.085,.062,81.5,-0.7,1.1,17.0,63.1,36.3,68.1,25.2,31.6,
Wong, Kolten,2015,25,557,613,.124,.105,87.1,11.3,3.2,34.3,72.3,32.5,79.8,37.0,22.9,
Gregorius, Didi,2015,25,525,578,.105,.079,84.8,10.4,1.6,24.5,70.9,34.5,77.5,35.6,26.9,
Trout, Mike,2015,24,575,682,.290,.283,92.9,14.0,16.4,48.6,53.6,22.6,58.1,35.1,29.1,
Herrera, Odubel,2015,24,495,537,.121,.107,87.0,5.9,3.2,33.9,65.4,34.6,76.2,34.7,31.2,
Harper, Bryce,2015,23,521,654,.319,.250,91.2,14.5,13.2,47.5,70.3,25.5,69.6,40.9,19.5,
Abreu, Jose,2015,28,613,668,.212,.187,90.9,10.1,9.7,41.6,65.8,34.7,70.6,34.4,26.4,
Polanco, Gregory,2015,24,593,652,.125,.127,89.0,9.8,4.4,39.2,63.6,28.7,65.4,35.2,26.1,
Arenado, Nolan,2015,24,616,665,.287,.220,90.6,16.3,8.7,40.0,73.3,35.5,75.8,43.3,21.3,
Holt, Brock,2015,27,454,509,.099,.071,85.9,7.2,0.6,24.2,56.4,24.7,64.7,30.9,27.3,
Owings, Chris,2015,24,515,552,.095,.091,84.9,11.8,2.6,24.7,69.6,35.3,78.9,35.7,28.1,
Pollock, A.J.,2015,28,609,673,.182,.150,88.5,8.4,5.9,39.1,62.8,28.7,69.3,36.1,23.1,
Seager, Kyle,2015,28,623,686,.185,.183,88.9,16.4,7.0,34.6,62.4,28.3,68.7,41.0,23.4,
Taylor, Michael A.,2015,24,472,511,.129,.144,86.3,7.6,6.3,35.6,71.1,31.4,86.5,40.1,25.9,
Carpenter, Matt,2015,30,574,665,.233,.236,88.6,17.0,9.4,36.1,58.9,20.4,70.4,38.4,22.0,
Dozier, Brian,2015,28,628,704,.209,.158,86.9,18.7,5.9,30.9,61.8,28.5,75.6,56.6,15.6,
Bryant, Kris,2015,23,559,650,.213,.233,89.6,19.4,11.5,43.3,73.6,28.7,89.4,41.1,23.0,
Castellanos, Nicholas,2015,23,549,595,.164,.178,88.3,16.9,7.7,34.7,69.6,32.5,79.9,33.7,29.0,
Machado, Manny,2015,23,633,713,.216,.180,90.3,12.1,7.6,41.5,62.9,24.6,74.4,36.4,23.9,
Pederson, Joc,2015,23,480,585,.206,.209,90.5,13.5,11.8,45.2,64.5,24.6,67.1,39.8,21.0,
Simmons, Andrelton,2015,26,535,583,.073,.076,85.8,2.9,1.0,28.8,64.7,25.2,79.2,31.0,22.7,
Yelich, Christian,2015,24,476,525,.116,.128,91.4,0.0,4.8,45.1,63.7,24.5,73.5,26.7,26.9,
Bogaerts, Xander,2015,23,613,654,.101,.085,87.6,6.6,2.5,34.2,63.3,33.9,70.3,30.9,31.1,
Calhoun, Kole,2015,28,630,686,.167,.170,85.9,11.2,6.8,31.8,71.3,29.6,78.7,39.0,24.2,
Eaton, Adam,2015,27,610,689,.144,.096,86.5,6.4,3.1,30.5,59.3,27.2,65.1,28.0,32.9,
Gattis, Evan,2015,29,566,604,.217,.168,88.9,10.3,7.1,39.2,68.7,36.3,76.7,36.9,22.6,
Kiermaier, Kevin,2015,25,505,535,.156,.101,86.7,8.3,2.4,30.7,70.6,31.1,78.2,37.2,21.3,
Betts, Mookie,2015,23,597,654,.188,.164,89.9,15.0,5.9,37.4,54.0,23.5,58.7,37.2,21.4,
Peterson, Jace,2015,25,528,597,.097,.105,85.1,7.8,3.3,26.3,61.4,25.9,70.1,36.8,26.8,
Pillar, Kevin,2015,26,586,628,.121,.088,84.5,12.2,1.8,25.7,62.6,38.2,62.7,38.4,25.9,
Russell, Addison,2015,21,475,523,.147,.123,85.9,14.2,5.2,27.7,68.1,27.9,78.5,41.3,24.3,
Duffy, Matt,2015,24,573,612,.133,.134,87.9,7.1,4.2,32.0,62.7,29.7,65.5,28.5,33.5,